timestamp,status,facility_pool_pct,k,L,U,cost_S_L,cost_S_U,final_cost_S_I,theoretical_bound,cost_as_pct_of_bound,min_cluster_size,max_cluster_size,lower_bound_violated,num_lb_violations,upper_bound_violation_factor,all_clients_assigned
2025-08-29T03:52:59.888696,SUCCESS,0.05,10,4974,10944,212905.54576545797,246340.87562346106,258081.67822674543,2150197.220895143,12.002697972016914,4974,10780,0,0,0.985014619883041,1
2025-08-29T03:53:03.720260,SUCCESS,0.05,10,4974,12436,215425.2839483657,207999.0302535703,225093.9747931627,1886843.7796717235,11.929656138905413,5530,12436,0,0,1.0,1
2025-08-29T03:53:07.268832,SUCCESS,0.05,10,4974,14923,204279.72816840326,222761.58831739658,235156.13699566296,1967890.5745585826,11.949655130006953,8234,14870,0,0,0.9964484353012129,1
2025-08-29T03:53:19.723117,SUCCESS,0.05,10,7461,10944,216445.71575033767,226316.01327498484,241819.88523371678,2017103.5244255692,11.988471702392282,10944,11940,0,0,1.0910087719298245,1
2025-08-29T03:53:26.112134,SUCCESS,0.05,10,7461,12436,221898.64477951766,218636.87090881984,234796.4441892861,1974255.3859207742,11.892911416816485,7931,15562,0,0,1.2513669990350595,1
2025-08-29T03:53:30.759977,SUCCESS,0.05,10,7461,14923,232231.6493226254,247660.94596845037,271617.11442257854,2198089.9204244036,12.356961009590323,7461,13481,0,0,0.903370635931113,1
2025-08-29T03:53:33.605544,SUCCESS,0.05,10,8954,10944,212764.43156027098,252681.83573912198,248996.48969984273,2194301.7132943957,11.347413538952855,8954,10889,0,0,0.9949744152046783,1
2025-08-29T03:53:37.306467,SUCCESS,0.05,10,8954,12436,216870.20136530348,220506.85781276607,245018.7970705343,1977288.4074199696,12.391656985954963,9313,14714,0,0,1.1831778706979736,1
2025-08-29T03:53:42.515973,SUCCESS,0.05,10,8954,14923,236833.75954820137,211280.91146541343,226006.76587506392,1952633.8993542967,11.574456735069516,9984,17144,0,0,1.148830664075588,1
2025-08-29T03:53:44.351821,SUCCESS,0.1,10,4974,10944,204442.9249826678,218618.62083355454,231479.40973261785,1939216.1958002173,11.936751056119242,8898,15551,0,0,1.4209612573099415,1
2025-08-29T03:53:46.057836,SUCCESS,0.1,10,4974,12436,209636.99746946385,223832.12115979486,237906.04547228612,1986098.8430574918,11.978560196230848,4974,13558,0,0,1.0902219363139274,1
2025-08-29T03:53:47.753437,SUCCESS,0.1,10,4974,14923,209175.12350143888,207364.44380775862,242393.88396193244,1869901.3536571881,12.96292360491926,4974,14844,0,0,0.9947061582791664,1
2025-08-29T03:53:52.614112,SUCCESS,0.1,10,7461,10944,228014.98113290913,240430.6734652093,256216.8711878741,2139044.6765222833,11.978098166908715,10058,12826,0,0,1.1719663742690059,1
2025-08-29T03:53:58.792615,SUCCESS,0.1,10,7461,12436,223213.42434342497,231673.11994177278,249407.8484951378,2068138.6882792593,12.059532076286967,7461,15065,0,0,1.2114023801865552,1
2025-08-29T03:54:01.926498,SUCCESS,0.1,10,7461,14923,225038.42229842916,221528.56619636135,253448.34352380823,2000776.8079713879,12.66749706983972,7461,21710,0,0,1.454801313408832,1
2025-08-29T03:54:06.005747,SUCCESS,0.1,10,8954,10944,228093.96873505937,233088.01986069468,267498.6347581917,2087804.0764949815,12.81243952771996,8954,19077,0,0,1.7431469298245614,1
2025-08-29T03:54:16.320567,SUCCESS,0.1,10,8954,12436,225779.16116235196,231797.51892148145,232201.45672412432,2074140.954775074,11.195066381074614,8954,18035,0,0,1.4502251527822452,1
2025-08-29T03:54:22.341844,SUCCESS,0.1,10,8954,14923,244741.84769367875,215827.37329441067,269974.9781639817,2000275.3084482322,13.496891004139929,8954,17689,0,0,1.1853514708838706,1
2025-08-29T03:54:23.556538,SUCCESS,0.2,10,4974,10944,201743.76221180544,227348.29782422172,232091.23903507876,1994925.609193163,11.6340798857631,10944,11940,0,0,1.0910087719298245,1
2025-08-29T03:54:24.722878,SUCCESS,0.2,10,4974,12436,209151.75021316088,252721.603649343,261963.65654838775,2187354.725971723,11.976276798543113,4974,12436,0,0,1.0,1
2025-08-29T03:54:26.097467,SUCCESS,0.2,10,4974,14923,203208.7445089668,226775.96988192268,249396.99721008926,1993849.2781913923,12.508317450971804,5594,19434,0,0,1.3022850633250687,1
2025-08-29T03:54:29.337813,SUCCESS,0.2,10,7461,10944,214253.88735572694,258090.26526912788,281803.30646549974,2235139.631595349,12.607861382886417,7461,10944,0,0,1.0,1
2025-08-29T03:54:32.451375,SUCCESS,0.2,10,7461,12436,214473.76878991924,286331.4610047026,267719.77861410135,2433267.7646127567,11.002479156119826,7461,11994,0,0,0.9644580250884529,1
2025-08-29T03:54:35.257631,SUCCESS,0.2,10,7461,14923,208293.15870110443,204006.97486533603,230795.29852167718,1844635.1414595612,12.51170452814106,7461,14167,0,0,0.9493399450512632,1
2025-08-29T03:54:39.020231,SUCCESS,0.2,10,8954,10944,224113.2102922067,251360.77229521656,254494.48829456716,2207751.826650929,11.527314131164147,10241,19019,0,0,1.7378472222222223,1
2025-08-29T03:54:41.421018,SUCCESS,0.2,10,8954,12436,208666.16218555503,238256.5790601712,240754.33941586228,2085128.3777923086,11.546259788127196,8954,20564,0,0,1.6535863621743325,1
2025-08-29T03:54:47.026925,SUCCESS,0.2,10,8954,14923,263886.9070639745,198325.9123827172,241310.07172077714,1916055.2008069693,12.594108542339832,8954,20422,0,0,1.3684915901628358,1
2025-08-29T03:54:48.511810,SUCCESS,0.25,10,4974,10944,205080.40233987098,239180.32465323352,246234.00139891906,2084423.0772523768,11.81305292990218,5382,10944,0,0,1.0,1
2025-08-29T03:54:51.807034,SUCCESS,0.25,10,4974,12436,241246.6098100813,218794.14438379928,237835.11598822265,2014052.2303067576,11.80878590978737,4974,15712,0,0,1.2634287552267611,1
2025-08-29T03:54:54.043919,SUCCESS,0.25,10,4974,14923,204338.1307130315,246954.14296821397,253188.79755682588,2137355.262203561,11.845892072045825,4974,14923,0,0,1.0,1
2025-08-29T03:54:57.292203,SUCCESS,0.25,10,7461,10944,215598.46798224223,223253.64402290704,228129.04069942815,1993972.4441248337,11.440932464819259,7842,17303,0,0,1.5810489766081872,1
2025-08-29T03:55:00.952300,SUCCESS,0.25,10,7461,12436,223937.34477599902,244339.40872841666,264717.76947498234,2158250.5506509147,12.265386398031737,7461,12164,0,0,0.9781280154390479,1
2025-08-29T03:55:04.494797,SUCCESS,0.25,10,7461,14923,226686.16812948714,219377.25905079098,231487.95873705426,1989013.149614511,11.63833224440566,7461,19310,0,0,1.2939757421430007,1
2025-08-29T03:55:08.133051,SUCCESS,0.25,10,8954,10944,212465.64018791867,218452.57817610187,236122.56550501077,1954099.3276085504,12.08344745678718,8954,19005,0,0,1.7365679824561404,1
2025-08-29T03:55:15.153174,SUCCESS,0.25,10,8954,12436,342046.29381330387,243156.39815500012,267766.2501653389,2386187.3747116085,11.221509802753893,8954,20464,0,0,1.6455451913798649,1
2025-08-29T03:55:19.250411,SUCCESS,0.25,10,8954,14923,389607.9428017566,207506.6399999967,234449.84557105904,2231762.3656034903,10.50514379059625,8954,14494,0,0,0.9712524291362327,1
2025-08-29T03:55:21.885091,SUCCESS,0.05,25,1989,4377,173041.56392547663,194451.65138293873,209902.45346051018,1707244.6875315243,12.294807826522192,1989,5893,0,0,1.3463559515649988,1
2025-08-29T03:55:24.597934,SUCCESS,0.05,25,1989,4974,292567.68089094537,193664.11392043275,326716.94240393507,1940784.15922492,16.834274994001095,1989,4974,0,0,1.0,1
2025-08-29T03:55:27.253762,SUCCESS,0.05,25,1989,5969,180700.84903391704,170181.75589605953,191899.0159609791,1552673.9893402508,12.359260042896656,1989,6909,0,0,1.1574803149606299,1
2025-08-29T03:55:30.657941,SUCCESS,0.05,25,2984,4377,365915.41939839115,203783.71005234699,220646.34935628588,2158316.809163211,10.223075149094143,2984,5062,0,0,1.1564998857665068,1
2025-08-29T03:55:34.023323,SUCCESS,0.05,25,2984,4974,194760.599705529,201377.53826474643,221188.9007898781,1799163.967264283,12.29398236149686,2984,7209,0,0,1.4493365500603137,1
2025-08-29T03:55:37.993202,SUCCESS,0.05,25,2984,5969,212379.76673178046,198398.75525726448,224235.70027941713,1813550.8202644123,12.364456389853137,2984,6298,0,0,1.0551181102362204,1
2025-08-29T03:55:42.127520,SUCCESS,0.05,25,3581,4377,187827.77015762805,190157.0445179794,209832.35279794133,1706754.851941112,12.294229165910767,3581,6920,0,0,1.5809915467214988,1
2025-08-29T03:55:46.613022,SUCCESS,0.05,25,3581,4974,243148.88596406963,189129.88537791374,213119.384748145,1810206.9695735355,11.773205403045903,3581,6127,0,0,1.231805388017692,1
2025-08-29T03:55:51.352439,SUCCESS,0.05,25,3581,5969,437444.01587032445,198358.81912439901,233591.32527863726,2263399.765611442,10.320374192295375,3581,9172,0,0,1.5366057966158486,1
2025-08-29T03:55:54.625445,SUCCESS,0.1,25,1989,4377,184586.8647633991,199451.83979718384,217402.6057537541,1765336.608107085,12.315079444643029,2119,6102,0,0,1.3941055517477725,1
2025-08-29T03:55:57.384674,SUCCESS,0.1,25,1989,4974,175100.60852593931,188505.2831356616,207471.53462332647,1669738.1990015097,12.425393079429627,1989,5634,0,0,1.1326899879372738,1
2025-08-29T03:55:59.902631,SUCCESS,0.1,25,1989,5969,174739.90927085694,175763.02279373578,194383.65055726568,1579820.9780978644,12.304156816002495,1989,5969,0,0,1.0,1
2025-08-29T03:56:03.214698,SUCCESS,0.1,25,2984,4377,184435.18350073267,201158.90965208958,217402.5139383733,1776982.7345660923,12.234362760505894,3842,4631,0,0,1.0580306145761937,1
2025-08-29T03:56:06.651342,SUCCESS,0.1,25,2984,4974,184366.77502761155,187955.48977485954,220441.06584276477,1684421.9784792399,13.087045209525664,2984,6780,0,0,1.3630880579010856,1
2025-08-29T03:56:10.359137,SUCCESS,0.1,25,2984,5969,184395.26694896925,194394.79506434547,215828.87085670835,1729554.0993483567,12.478873655240163,2984,7672,0,0,1.285307421678673,1
2025-08-29T03:56:14.360438,SUCCESS,0.1,25,3581,4377,281686.81102778245,191016.720464041,209444.6260753496,1900490.665303852,11.020555370202958,3581,7678,0,0,1.7541695225039982,1
2025-08-29T03:56:18.179979,SUCCESS,0.1,25,3581,4974,202361.59551360708,188703.8855828233,212033.13631174472,1725650.3901069774,12.287143301291767,3581,5488,0,0,1.1033373542420588,1
2025-08-29T03:56:22.189473,SUCCESS,0.1,25,3581,5969,196821.5726375039,187586.24227084612,212308.89131874405,1706746.8411709308,12.439389732403864,3581,8151,0,0,1.365555369408611,1
2025-08-29T03:56:25.010321,SUCCESS,0.2,25,1989,4377,179797.28964974507,209530.5891656321,219579.9739562788,1826308.7034589148,12.023157615161557,2138,4997,0,0,1.1416495316426776,1
2025-08-29T03:56:27.801117,SUCCESS,0.2,25,1989,4974,176327.14488205445,190926.52074017853,212595.60663620319,1689139.9349453587,12.586026902684077,2196,5036,0,0,1.012464817048653,1
2025-08-29T03:56:30.488876,SUCCESS,0.2,25,1989,5969,182598.13029441505,172628.84068172416,194675.54233294394,1573598.1453608992,12.371363229352038,1989,5969,0,0,1.0,1
2025-08-29T03:56:33.680049,SUCCESS,0.2,25,2984,4377,180297.91860707977,231555.73486769365,238431.92051046714,1981485.9812880151,12.03298548473608,2984,7036,0,0,1.6074937171578707,1
2025-08-29T03:56:37.183446,SUCCESS,0.2,25,2984,4974,184548.6028400286,196898.20080679478,217687.7361869888,1747384.6113276207,12.457917665967935,2984,6285,0,0,1.2635705669481303,1
2025-08-29T03:56:40.995191,SUCCESS,0.2,25,2984,5969,195382.22813924847,180552.20358335396,197972.68119072673,1654629.8813619746,11.964771301468916,2984,5962,0,0,0.9988272742502932,1
2025-08-29T03:56:44.891801,SUCCESS,0.2,25,3581,4377,278460.9223327915,204719.20894091282,223742.00316160847,1989956.3072519728,11.243563607212295,3581,7565,0,0,1.7283527530271876,1
2025-08-29T03:56:48.891030,SUCCESS,0.2,25,3581,4974,203103.0505908535,191826.14425208874,208177.48430339704,1748989.110946328,11.902731869540238,3581,7619,0,0,1.5317651789304383,1
2025-08-29T03:56:52.959136,SUCCESS,0.2,25,3581,5969,198380.00431487916,190532.5097687849,203012.30965026133,1730487.5770112525,11.731509220128961,3581,9363,0,0,1.568604456357849,1
2025-08-29T03:56:55.957191,SUCCESS,0.25,25,1989,4377,178562.06177299592,192353.1918995778,209378.21104739723,1703596.4668430365,12.290364245436571,2368,4377,0,0,1.0,1
2025-08-29T03:56:59.051289,SUCCESS,0.25,25,1989,4974,175127.599855218,193614.06189494397,200301.26315254733,1705553.6329750437,11.7440612408744,1989,6459,0,0,1.2985524728588662,1
2025-08-29T03:57:02.071071,SUCCESS,0.25,25,1989,5969,174341.48841317795,174453.24046423298,196080.76631136925,1569855.6600759868,12.490369101951591,2256,7307,0,0,1.2241581504439605,1
2025-08-29T03:57:06.686144,SUCCESS,0.25,25,2984,4377,211014.86709249215,205655.9194445463,217406.5760021172,1861621.1702968085,11.678346780266518,3273,5071,0,0,1.1585560886451907,1
2025-08-29T03:57:10.030336,SUCCESS,0.25,25,2984,4974,177956.39701814242,177398.24667506618,200840.69365941483,1597700.520761748,12.570609513456155,2984,7792,0,0,1.5665460394049056,1
2025-08-29T03:57:13.472659,SUCCESS,0.25,25,2984,5969,186638.74694009827,176177.2326490801,211424.41961102324,1606518.1224237573,13.160412986318931,2984,6475,0,0,1.0847713184788073,1
2025-08-29T03:57:17.267195,SUCCESS,0.25,25,3581,4377,197941.37867648047,191837.29182081082,209796.60464294403,1738743.8000986367,12.065987216232923,3624,5584,0,0,1.2757596527301804,1
2025-08-29T03:57:21.128443,SUCCESS,0.25,25,3581,4974,197407.7194543975,182556.38401542936,204342.86875608275,1672710.1270168005,12.216274981279549,3581,8068,0,0,1.6220345798150382,1
2025-08-29T03:57:24.408903,SUCCESS,0.25,25,3581,5969,181549.8238379984,185179.18122625985,212651.42100134524,1659353.916259816,12.81531437733679,3581,8329,0,0,1.395376109901156,1
2025-08-29T03:57:29.553860,SUCCESS,0.05,50,994,2188,160343.13133005291,175639.35788206867,191754.6341378242,1550161.7678345866,12.369975709418076,994,2188,0,0,1.0,1
2025-08-29T03:57:34.767789,SUCCESS,0.05,50,994,2487,187516.5503186042,160586.70802025605,186744.3838674114,1499140.0567790007,12.45676699938522,994,3161,0,0,1.2710092480900683,1
2025-08-29T03:57:39.818647,SUCCESS,0.05,50,994,2984,154254.3413194724,158033.3423395828,179749.10266990832,1414742.0790160245,12.705432695896532,994,2984,0,0,1.0,1
2025-08-29T03:57:45.920546,SUCCESS,0.05,50,1492,2188,159904.35241770168,190211.38284218253,201964.18475963664,1651288.3847306808,12.230703408755355,1492,3087,0,0,1.4108775137111518,1
2025-08-29T03:57:51.727348,SUCCESS,0.05,50,1492,2487,165303.6495838309,167623.79543611407,189645.91994259047,1503973.8672204604,12.609655265691606,1492,2704,0,0,1.087253719340571,1
2025-08-29T03:57:57.709378,SUCCESS,0.05,50,1492,2984,166451.57742830337,158823.89977372193,177821.4786980134,1444670.4532726603,12.308791828280869,1492,3617,0,0,1.2121313672922251,1
2025-08-29T03:58:03.703187,SUCCESS,0.05,50,1790,2188,165070.8644876148,165045.10222668858,191328.35592187857,1485457.4445620498,12.880096742070386,1790,3614,0,0,1.6517367458866545,1
2025-08-29T03:58:09.521145,SUCCESS,0.05,50,1790,2487,171714.96743353156,164102.57310923908,187112.39548117292,1492147.9466317366,12.539801827529667,1790,4126,0,0,1.65902694008846,1
2025-08-29T03:58:15.454973,SUCCESS,0.05,50,1790,2984,168128.51492466388,158328.00583765918,183320.75250614167,1444553.0707129422,12.690482352141336,1790,4582,0,0,1.5355227882037534,1
2025-08-29T03:58:20.962371,SUCCESS,0.1,50,994,2188,159165.93375441086,179070.0008486965,193663.94798373067,1571821.8734496972,12.320985682601169,994,2933,0,0,1.3404936014625228,1
2025-08-29T03:58:26.430065,SUCCESS,0.1,50,994,2487,156002.41059937215,152581.4940583184,173717.64514534888,1380075.279606973,12.587548499152984,994,2487,0,0,1.0,1
2025-08-29T03:58:32.211478,SUCCESS,0.1,50,994,2984,156971.17617790704,162418.46461913982,184209.79827778344,1450871.6046897927,12.696492072926665,994,3044,0,0,1.020107238605898,1
2025-08-29T03:58:38.004608,SUCCESS,0.1,50,1492,2188,160138.83968509006,173655.6420291292,189442.14067470364,1535867.1735740844,12.334539336097457,1492,3593,0,0,1.6421389396709323,1
2025-08-29T03:58:43.550698,SUCCESS,0.1,50,1492,2487,160815.82408482832,170364.56098859943,187382.21435730188,1514183.5750898528,12.37513188228729,1492,2964,0,0,1.1917973462002414,1
2025-08-29T03:58:49.718691,SUCCESS,0.1,50,1492,2984,164387.12061479397,157517.12148323524,178333.53443993445,1431394.0916122347,12.458730651813049,1492,2983,0,0,0.9996648793565683,1
2025-08-29T03:58:55.204778,SUCCESS,0.1,50,1790,2188,171377.2268293409,158923.95226117704,179447.6028951062,1455222.119486921,12.331286096611521,1790,3933,0,0,1.7975319926873858,1
2025-08-29T03:59:01.192592,SUCCESS,0.1,50,1790,2487,183635.29643055258,160592.54793049928,182656.54059743375,1491418.4283746001,12.24716934713615,1790,4231,0,0,1.7012464817048654,1
2025-08-29T03:59:07.722238,SUCCESS,0.1,50,1790,2984,189514.58061045143,169026.83630333052,191710.2315720883,1562217.0153442165,12.271677346303079,1790,4729,0,0,1.5847855227882037,1
2025-08-29T03:59:13.043319,SUCCESS,0.2,50,994,2188,155796.0279969704,162872.09861449394,185326.3753761774,1451696.7462953986,12.766190724689153,994,3165,0,0,1.446526508226691,1
2025-08-29T03:59:18.475944,SUCCESS,0.2,50,994,2487,164081.33765385818,163183.6674121246,177151.52224930836,1470448.3471925887,12.047449513444645,994,2855,0,0,1.1479694410936871,1
2025-08-29T03:59:23.968136,SUCCESS,0.2,50,994,2984,156337.75384584742,165302.27559386226,183269.0392236117,1469791.4368487308,12.46905068494242,994,2968,0,0,0.9946380697050938,1
2025-08-29T03:59:30.431473,SUCCESS,0.2,50,1492,2188,168717.48351816318,176361.6476766367,196435.11976255977,1571966.5007727833,12.496139050418167,1492,2866,0,0,1.309872029250457,1
2025-08-29T03:59:36.046486,SUCCESS,0.2,50,1492,2487,177576.4742952092,161969.7929395537,179672.29620286403,1488941.4991672942,12.06711588758508,1492,3509,0,0,1.4109368717330117,1
2025-08-29T03:59:42.197811,SUCCESS,0.2,50,1492,2984,170092.73873148608,159955.84460339276,188607.87778580093,1459876.3896867214,12.919441612880306,1492,4432,0,0,1.4852546916890081,1
2025-08-29T03:59:48.075932,SUCCESS,0.2,50,1790,2188,170271.91209852067,169535.45919507585,188058.79582384237,1527292.0385625723,12.313217844102427,1790,3935,0,0,1.7984460694698354,1
2025-08-29T03:59:54.026897,SUCCESS,0.2,50,1790,2487,182759.35610886378,167661.34358369964,192048.65362553715,1539148.1173036252,12.477594031819358,1790,4031,0,0,1.6208283071974265,1
2025-08-29T04:00:00.019061,SUCCESS,0.2,50,1790,2984,170509.8113484526,157462.47151298664,185046.66394278733,1443256.9232878117,12.821463798783778,1790,4318,0,0,1.4470509383378016,1
2025-08-29T04:00:05.507310,SUCCESS,0.25,50,994,2188,156331.89859980924,169375.60700205804,186249.2069540001,1498293.0462140248,12.430759618395452,1041,2728,0,0,1.246800731261426,1
2025-08-29T04:00:10.766820,SUCCESS,0.25,50,994,2487,156151.38819645462,161134.72758629377,181429.53497387632,1440245.8694969655,12.59712239530631,994,3040,0,0,1.222356252513068,1
2025-08-29T04:00:15.411065,SUCCESS,0.25,50,994,2984,159353.14187789246,161591.9288593501,182470.5314181343,1449849.7857712356,12.58547838602953,994,2984,0,0,1.0,1
2025-08-29T04:00:21.336862,SUCCESS,0.25,50,1492,2188,161700.26602966504,170345.9398784337,188421.26236611902,1515822.111208366,12.430301746681574,1492,3467,0,0,1.5845521023765996,1
2025-08-29T04:00:27.021996,SUCCESS,0.25,50,1492,2487,166217.06742917537,167217.23958914093,186687.35157346824,1502954.8119823372,12.421354925983112,1492,3601,0,0,1.4479292320064334,1
2025-08-29T04:00:32.925986,SUCCESS,0.25,50,1492,2984,156873.8675378562,156312.6136558613,178820.10574712197,1407936.0306667415,12.700868636939422,1492,4083,0,0,1.3682975871313674,1
2025-08-29T04:00:39.005316,SUCCESS,0.25,50,1790,2188,183783.57978937752,170888.7567039266,193716.33323604942,1563788.456506241,12.387630336448662,1790,3724,0,0,1.7020109689213894,1
2025-08-29T04:00:45.015855,SUCCESS,0.25,50,1790,2487,171115.44842283745,159529.12075974332,186547.51750187267,1458934.7421638782,12.786556664295153,1790,2901,0,0,1.166465621230398,1
2025-08-29T04:00:50.959716,SUCCESS,0.25,50,1790,2984,169542.72052114882,158374.81952145815,183474.16793094872,1447709.1776925046,12.673413331770622,1790,4478,0,0,1.5006702412868633,1
2025-08-29T04:00:59.695168,SUCCESS,0.05,75,663,1459,145874.39119082133,153782.40580209772,170862.39346438026,1368225.6229963268,12.487881427786926,663,2083,0,0,1.4276901987662782,1
2025-08-29T04:01:08.368398,SUCCESS,0.05,75,663,1658,145192.45221683633,156010.2055455059,171536.49693519145,1382456.3432522137,12.408095038404879,663,2111,0,0,1.273220747889023,1
2025-08-29T04:01:16.463185,SUCCESS,0.05,75,663,1989,164209.7559571702,145457.56637867726,167564.14141287247,1346622.4765650812,12.443290107580069,678,2362,0,0,1.1875314228255405,1
2025-08-29T04:01:26.112737,SUCCESS,0.05,75,994,1459,153446.98988702468,173517.35036033034,184478.33916156768,1521515.4322963618,12.1246446303303,994,2415,0,0,1.6552433173406442,1
2025-08-29T04:01:35.020887,SUCCESS,0.05,75,994,1658,150609.3872567886,159750.7812350779,178428.9329338214,1419474.2431591228,12.570071897656799,994,2331,0,0,1.4059107358262968,1
2025-08-29T04:01:44.189656,SUCCESS,0.05,75,994,1989,152833.34629979925,141320.49050218612,163800.00802488963,1294910.1261149014,12.649527154161364,994,2723,0,0,1.3690296631473102,1
2025-08-29T04:01:53.537648,SUCCESS,0.05,75,1193,1459,162960.50142991776,165419.02859078354,185420.71873790503,1483854.2029953203,12.495885267138323,1193,2511,0,0,1.7210418094585331,1
2025-08-29T04:02:02.743337,SUCCESS,0.05,75,1193,1658,192737.69027268142,158780.68352885608,181754.17753948804,1496940.1652473554,12.141712926077767,1193,2583,0,0,1.557901085645356,1
2025-08-29T04:02:11.532544,SUCCESS,0.05,75,1193,1989,168643.5044080459,150404.93335346988,176907.4402382958,1390121.542290381,12.726041202614628,1193,3034,0,0,1.5253896430367018,1
2025-08-29T04:02:19.281069,SUCCESS,0.1,75,663,1459,145039.35707512766,164775.35113656506,179454.57955949346,1443506.1721062108,12.43185398353042,663,1881,0,0,1.2892392049348869,1
2025-08-29T04:02:27.905373,SUCCESS,0.1,75,663,1658,147502.3415915533,159817.44547634976,175770.3396331698,1413726.801517555,12.433119287580201,663,2167,0,0,1.3069963811821472,1
2025-08-29T04:02:36.076370,SUCCESS,0.1,75,663,1989,144065.12537153202,147358.86277102478,172778.19375237424,1319642.2901402374,13.0928051520699,663,2528,0,0,1.2709904474610356,1
2025-08-29T04:02:44.547182,SUCCESS,0.1,75,994,1459,153204.3906113226,156647.12517280772,171689.97922256766,1402938.657432299,12.237882127847262,994,2416,0,0,1.6559287183002056,1
2025-08-29T04:02:53.437080,SUCCESS,0.1,75,994,1658,153738.02817200084,148406.8559265169,170477.96701271253,1346324.04782962,12.662476562573207,994,2353,0,0,1.4191797346200241,1
2025-08-29T04:03:02.341133,SUCCESS,0.1,75,994,1989,151887.69078932254,151112.85450714888,172532.29781207378,1361565.3631286873,12.67161331246108,994,2686,0,0,1.3504273504273505,1
2025-08-29T04:03:11.289428,SUCCESS,0.1,75,1193,1459,155389.339904779,164792.53928664938,179798.40938363376,1464326.4548161037,12.27857413845696,1193,2605,0,0,1.7854694996572995,1
2025-08-29T04:03:20.598961,SUCCESS,0.1,75,1193,1658,151772.4822712331,152470.1365332351,173487.45750290062,1370835.920275112,12.655596117446613,1193,2743,0,0,1.6544028950542822,1
2025-08-29T04:03:29.621338,SUCCESS,0.1,75,1193,1989,180562.53213795074,144629.0275943035,165254.30475847234,1373528.2574360261,12.031372770368307,1193,2813,0,0,1.4142785319255908,1
2025-08-29T04:03:38.485139,SUCCESS,0.2,75,663,1459,152124.9386497062,161490.95997022907,176241.1498361617,1434686.597091016,12.2842961099316,663,1459,0,0,1.0,1
2025-08-29T04:03:46.711916,SUCCESS,0.2,75,663,1658,157262.46124768996,155712.63378541244,172274.37902919538,1404513.3589932672,12.265770056660687,663,2145,0,0,1.2937273823884199,1
2025-08-29T04:03:55.150888,SUCCESS,0.2,75,663,1989,144970.00313689208,144379.37764880242,163727.18459561153,1300595.649815401,12.588630803036285,663,1989,0,0,1.0,1
2025-08-29T04:04:04.263089,SUCCESS,0.2,75,994,1459,185525.3193859604,166181.94172828025,186175.77554747535,1534324.2308698827,12.134056922370528,994,2266,0,0,1.553118574366004,1
2025-08-29T04:04:13.124331,SUCCESS,0.2,75,994,1658,150032.30884919054,150088.55912794473,169759.0599101365,1350684.5315939942,12.568372254163403,994,2599,0,0,1.5675512665862485,1
2025-08-29T04:04:22.045725,SUCCESS,0.2,75,994,1989,149724.65716794314,145920.63686817334,169606.41660040434,1320893.7724130997,12.840276799136971,994,2584,0,0,1.2991452991452992,1
2025-08-29T04:04:31.567575,SUCCESS,0.2,75,1193,1459,159361.26050584912,164486.05902058195,186913.87025030408,1470124.934155772,12.71414870312641,1193,2345,0,0,1.6072652501713502,1
2025-08-29T04:04:41.051254,SUCCESS,0.2,75,1193,1658,156118.85373630867,149185.33204998533,171928.75914891553,1356535.0318225147,12.67411125519759,1193,2707,0,0,1.6326899879372738,1
2025-08-29T04:04:49.598435,SUCCESS,0.2,75,1193,1989,161605.7178380864,148253.159022742,171930.52391729678,1360983.548835367,12.632814266154996,1193,3014,0,0,1.5153343388637506,1
2025-08-29T04:04:57.614736,SUCCESS,0.25,75,663,1459,144514.41024485297,159734.64463781868,175203.885962569,1407171.3329544368,12.450785619311787,704,2046,0,0,1.4023303632625086,1
2025-08-29T04:05:05.623924,SUCCESS,0.25,75,663,1658,142741.50272900873,156369.6117087659,172812.09418767283,1380070.2874193788,12.52197774004813,663,2163,0,0,1.304583835946924,1
2025-08-29T04:05:13.891844,SUCCESS,0.25,75,663,1989,147521.04376577114,143801.75534922403,165506.1083481655,1301654.3749761106,12.715057970070054,663,2385,0,0,1.1990950226244343,1
2025-08-29T04:05:23.013020,SUCCESS,0.25,75,994,1459,154618.42567544157,170803.35629132515,191548.227484673,1504860.3453901592,12.728638113924854,994,2362,0,0,1.618917066483893,1
2025-08-29T04:05:31.611837,SUCCESS,0.25,75,994,1658,152169.56145090904,151633.19441033082,170612.8230149952,1365771.4837741337,12.492047538108544,994,2181,0,0,1.3154402895054282,1
2025-08-29T04:05:40.351481,SUCCESS,0.25,75,994,1989,154209.41284826462,148870.0390598739,169711.6420270973,1350509.0991156464,12.56649378654535,994,2857,0,0,1.4364002011060835,1
2025-08-29T04:05:49.722358,SUCCESS,0.25,75,1193,1459,207968.53471297843,153397.69262818468,169314.4816259286,1489720.9178232495,11.365516829375501,1193,2280,0,0,1.562714187799863,1
2025-08-29T04:05:59.294263,SUCCESS,0.25,75,1193,1658,151752.06292246995,150757.15621413672,174839.3471379945,1358804.219343897,12.86714779428756,1193,2681,0,0,1.6170084439083232,1
2025-08-29T04:06:08.848691,SUCCESS,0.25,75,1193,1989,167090.42426111107,146753.79129894997,167085.73391740688,1361457.3876148718,12.272564344457617,1193,2969,0,0,1.4927099044746104,1
2025-08-29T04:06:19.791753,SUCCESS,0.05,100,497,1094,137277.99395187057,146370.76298243765,160303.2914120465,1299151.3287808048,12.339077662529425,497,1438,0,0,1.3144424131627057,1
2025-08-29T04:06:31.434886,SUCCESS,0.05,100,497,1243,140027.66001151712,139858.6473205344,157009.82988851267,1259065.851266775,12.470342971381639,497,1668,0,0,1.341914722445696,1
2025-08-29T04:06:41.891246,SUCCESS,0.05,100,497,1492,139637.87876582512,138192.79049336363,158419.47812894153,1246625.2909851957,12.707866531710115,497,1892,0,0,1.2680965147453083,1
2025-08-29T04:06:53.732708,SUCCESS,0.05,100,746,1094,145464.84540200187,152490.1573458898,169670.31330316263,1358360.7922252323,12.490813506565734,746,1820,0,0,1.663619744058501,1
2025-08-29T04:07:06.158168,SUCCESS,0.05,100,746,1243,158224.71516569334,142026.56516942178,158691.05674377733,1310635.3865173392,12.107948432970066,746,1966,0,0,1.581657280772325,1
2025-08-29T04:07:18.445389,SUCCESS,0.05,100,746,1492,139290.25789981947,135445.99599892338,157822.67318021884,1226702.4877921026,12.865603090467207,746,2102,0,0,1.4088471849865951,1
2025-08-29T04:07:30.593938,SUCCESS,0.05,100,895,1094,148237.45686746726,144564.04621570994,170989.02255895175,1308423.237244904,13.068326646276681,895,1965,0,0,1.7961608775137112,1
2025-08-29T04:07:42.612213,SUCCESS,0.05,100,895,1243,149427.4803586454,142726.1961214148,161758.2068774175,1297938.3335671944,12.462703557945519,895,1917,0,0,1.5422365245374094,1
2025-08-29T04:07:55.207718,SUCCESS,0.05,100,895,1492,153276.59981223804,143584.2837041594,165926.77287848727,1311643.185553592,12.650298092194658,895,2105,0,0,1.410857908847185,1
2025-08-29T04:08:06.266340,SUCCESS,0.1,100,497,1094,138105.58826489764,153853.8631918865,172936.71036693215,1353188.2188730007,12.779945018362785,497,1351,0,0,1.2349177330895795,1
2025-08-29T04:08:18.229967,SUCCESS,0.1,100,497,1243,139912.25556397685,142652.13285115894,159488.6205668252,1278389.4410860662,12.47574607870121,497,1656,0,0,1.332260659694288,1
2025-08-29T04:08:29.696231,SUCCESS,0.1,100,497,1492,138183.24321325545,137798.36900340795,155705.49726134562,1240955.0694503665,12.547230846182803,497,1874,0,0,1.2560321715817695,1
2025-08-29T04:08:42.375819,SUCCESS,0.1,100,746,1094,141477.65507761217,156211.47915153703,171958.20995107567,1376435.6642159836,12.49300744099964,746,1593,0,0,1.4561243144424132,1
2025-08-29T04:08:55.273744,SUCCESS,0.1,100,746,1243,141237.6726246591,141240.16936893767,160698.5104647839,1271156.530831882,12.641913609146002,746,1858,0,0,1.4947707160096542,1
2025-08-29T04:09:08.003898,SUCCESS,0.1,100,746,1492,141642.7362550302,136451.71042975126,163579.28014639285,1238447.445518319,13.2084151603164,746,1974,0,0,1.3230563002680966,1
2025-08-29T04:09:23.033702,SUCCESS,0.1,100,895,1094,155291.5468012059,156934.13854314634,174086.89553076503,1409122.0634044362,12.354280729248638,895,1468,0,0,1.3418647166361974,1
2025-08-29T04:09:34.570767,SUCCESS,0.1,100,895,1243,156788.91759483382,143153.25537484395,170106.6553416488,1315650.6228135754,12.929470209793873,895,1994,0,0,1.6041834271922768,1
2025-08-29T04:09:45.677071,SUCCESS,0.1,100,895,1492,154036.13649160726,139607.06949910583,166008.05759299663,1285321.7594769553,12.915680946734412,895,2236,0,0,1.4986595174262736,1
2025-08-29T04:09:56.744758,SUCCESS,0.2,100,497,1094,136787.38339356874,150420.42643975205,162654.71162329766,1326517.7518654019,12.261781751097272,497,1446,0,0,1.3217550274223036,1
2025-08-29T04:10:08.673727,SUCCESS,0.2,100,497,1243,139130.73259541273,140751.41500120322,160703.6192803008,1263521.370199248,12.718710032973881,497,1540,0,0,1.238938053097345,1
2025-08-29T04:10:20.067683,SUCCESS,0.2,100,497,1492,138418.96684454332,141054.65210127103,161919.66155921455,1264220.4983979838,12.807865539626878,497,1571,0,0,1.0529490616621984,1
2025-08-29T04:10:32.614935,SUCCESS,0.2,100,746,1094,145238.88844387254,155435.21323324158,170746.69272660834,1378524.2695204362,12.386194171685352,746,1623,0,0,1.483546617915905,1
2025-08-29T04:10:45.323967,SUCCESS,0.2,100,746,1243,141731.33212497234,147891.02737731038,163503.65316093052,1318699.8558911174,12.39885273593529,746,1846,0,0,1.4851166532582463,1
2025-08-29T04:10:57.781181,SUCCESS,0.2,100,746,1492,140002.98417979668,139904.33723742212,158473.48345270756,1259336.3290215482,12.583888815137643,746,2090,0,0,1.4008042895442359,1
2025-08-29T04:11:09.962583,SUCCESS,0.2,100,895,1094,166733.26080071498,150237.25697364594,167957.5077246034,1385127.3204169516,12.125781164582385,895,1941,0,0,1.7742230347349177,1
2025-08-29T04:11:22.279050,SUCCESS,0.2,100,895,1243,154905.15764637254,145277.00866691768,164751.0214927804,1326749.375961169,12.417644543712399,895,1908,0,0,1.5349959774738535,1
2025-08-29T04:11:34.188879,SUCCESS,0.2,100,895,1492,144860.84872468343,138836.10663353145,163324.39534881475,1261574.443884087,12.946076717120066,895,1778,0,0,1.1916890080428955,1
2025-08-29T04:11:45.513952,SUCCESS,0.25,100,497,1094,140322.5009708786,153571.82166862112,169327.2890943021,1355647.753622105,12.490507850721752,497,1500,0,0,1.3711151736745886,1
2025-08-29T04:11:57.627473,SUCCESS,0.25,100,497,1243,139563.27346240345,141735.71293284927,163044.45306502478,1271276.5374547518,12.825254636686628,497,1503,0,0,1.2091713596138376,1
2025-08-29T04:12:08.742630,SUCCESS,0.25,100,497,1492,138449.50625449247,139844.851849642,160008.8276128662,1255812.975456479,12.7414536033683,497,1569,0,0,1.051608579088472,1
2025-08-29T04:12:20.868294,SUCCESS,0.25,100,746,1094,145542.67178758016,156991.98065431454,173720.47922746607,1390029.208155362,12.497613590292955,746,1556,0,0,1.4223034734917732,1
2025-08-29T04:12:33.664433,SUCCESS,0.25,100,746,1243,173753.22518624942,142633.39616287328,166571.79458042295,1345940.2235126118,12.375868680535213,746,1918,0,0,1.5430410297666934,1
2025-08-29T04:12:46.515647,SUCCESS,0.25,100,746,1492,153401.463949337,141153.8914634614,168075.06169402716,1294880.1681429038,12.979970334635496,746,1928,0,0,1.292225201072386,1
2025-08-29T04:12:59.088941,SUCCESS,0.25,100,895,1094,151994.26217045131,149129.57338907072,165115.31875663562,1347895.5380643976,12.24986017786988,895,1963,0,0,1.7943327239488116,1
2025-08-29T04:13:11.553870,SUCCESS,0.25,100,895,1243,161924.82849251927,145268.6080457654,175003.11947054285,1340729.9133053962,13.052824266380043,895,2028,0,0,1.6315366049879325,1
2025-08-29T04:13:24.001908,SUCCESS,0.25,100,895,1492,150265.53771538325,140201.44133854596,164845.08767133066,1281941.1648005883,12.859021318421664,895,2054,0,0,1.376675603217158,1
2025-08-29T04:13:37.821107,SUCCESS,0.05,125,397,875,132880.41509409342,146861.48857776623,165227.49327757218,1293791.2502325503,12.770800022636855,397,1085,0,0,1.24,1
2025-08-29T04:13:51.275700,SUCCESS,0.05,125,397,994,129996.55101608898,133583.0496197517,149282.95149200308,1195074.4493704396,12.491518965253148,397,1239,0,0,1.2464788732394365,1
2025-08-29T04:14:04.113306,SUCCESS,0.05,125,397,1193,131977.1921906761,134937.60393486338,153719.92530186713,1208517.611925396,12.719709153180018,397,1518,0,0,1.272422464375524,1
2025-08-29T04:14:19.245204,SUCCESS,0.05,125,596,875,143747.4266562014,142853.80899595193,157984.193918888,1287471.5162840663,12.270888475643025,596,1445,0,0,1.6514285714285715,1
2025-08-29T04:14:34.511435,SUCCESS,0.05,125,596,994,137962.92789280132,137052.39314183747,156726.8647160225,1235292.607778465,12.687428365484854,596,1568,0,0,1.5774647887323943,1
2025-08-29T04:14:56.061678,SUCCESS,0.05,125,596,1193,145826.75864011532,135723.9463442972,158435.88072601354,1241721.141690311,12.759376916973514,596,1704,0,0,1.4283319362950544,1
2025-08-29T04:15:10.989879,SUCCESS,0.05,125,716,875,158415.71817790586,141415.73282716368,171716.35180467178,1306741.5661459574,13.14080429163388,716,1570,0,0,1.7942857142857143,1
2025-08-29T04:15:26.021397,SUCCESS,0.05,125,716,994,144972.03086692395,138271.98291609596,158684.24593491005,1257847.9421465197,12.615534884456315,716,1445,0,0,1.4537223340040242,1
2025-08-29T04:15:41.648932,SUCCESS,0.05,125,716,1193,139688.80937079943,134680.6504979494,157357.38936160156,1222142.1722272446,12.87553878243411,716,1838,0,0,1.5406538139145012,1
2025-08-29T04:15:55.197369,SUCCESS,0.1,125,397,875,131768.40253324073,149456.03724369075,167152.57786500308,1309729.0657723167,12.762378283667172,400,1180,0,0,1.3485714285714285,1
2025-08-29T04:16:08.757110,SUCCESS,0.1,125,397,994,131062.2193256434,134146.14185349058,150723.15323042357,1201147.4316257208,12.548264206536563,397,1274,0,0,1.2816901408450705,1
2025-08-29T04:16:22.310402,SUCCESS,0.1,125,397,1193,132716.65865003038,136015.63631845787,153139.28010283643,1217542.7715292657,12.577733093556088,397,1528,0,0,1.2808046940486169,1
2025-08-29T04:16:37.345131,SUCCESS,0.1,125,596,875,147679.44071891703,141022.4833179955,158653.27335957138,1282516.2646638027,12.370468720812719,596,1422,0,0,1.6251428571428572,1
2025-08-29T04:16:53.181042,SUCCESS,0.1,125,596,994,143480.75267365898,136003.6657193635,154941.830106264,1238987.1653828623,12.505523417458894,596,1576,0,0,1.585513078470825,1
2025-08-29T04:17:11.635486,SUCCESS,0.1,125,596,1193,142295.6479150811,134208.9206536921,160290.66045796196,1224053.7404060068,13.095067248011114,596,1747,0,0,1.4643755238893545,1
2025-08-29T04:17:29.297589,SUCCESS,0.1,125,716,875,139612.56632340912,148168.99039835305,166433.26206539,1316408.0654352896,12.642984074270041,716,1572,0,0,1.7965714285714285,1
2025-08-29T04:17:43.466205,SUCCESS,0.1,125,716,994,146019.43514222463,135796.01034041366,156052.34517410642,1242610.9426673448,12.558423543183192,716,1675,0,0,1.6851106639839035,1
2025-08-29T04:17:58.482317,SUCCESS,0.1,125,716,1193,146614.60397857253,131689.82074603075,156376.5137397171,1215057.9531793604,12.869881089254815,716,1798,0,0,1.507124895222129,1
2025-08-29T04:18:17.268152,SUCCESS,0.2,125,397,875,131645.70492742557,148827.21236392044,164501.79568951429,1305081.8964022943,12.60471056590354,397,1058,0,0,1.209142857142857,1
2025-08-29T04:18:33.225594,SUCCESS,0.2,125,397,994,129975.64387690765,136807.35986953834,154022.11708790832,1217602.8068405837,12.649619089460087,397,1319,0,0,1.3269617706237424,1
2025-08-29T04:18:46.471814,SUCCESS,0.2,125,397,1193,132616.17276214997,134350.40772626924,152670.01768205347,1205685.1996081846,12.662510722671815,397,1577,0,0,1.3218776194467727,1
2025-08-29T04:19:02.421933,SUCCESS,0.2,125,596,875,140517.3000157394,145709.736094345,160821.55505389825,1301002.7526918938,12.36135394188396,596,1469,0,0,1.6788571428571428,1
2025-08-29T04:19:17.529050,SUCCESS,0.2,125,596,994,138019.84570595823,139350.49670402272,163833.1186146435,1251493.1683400755,13.091011821658155,596,1455,0,0,1.4637826961770624,1
2025-08-29T04:19:33.223240,SUCCESS,0.2,125,596,1193,135848.2866155745,131937.57968644067,155759.20673148413,1195259.6310362336,13.03141197837061,596,1767,0,0,1.4811399832355407,1
2025-08-29T04:19:48.947285,SUCCESS,0.2,125,716,875,146807.96836863837,143279.39034789157,166343.80769910943,1296571.6691725177,12.829511214391362,716,1552,0,0,1.7737142857142858,1
2025-08-29T04:20:03.910540,SUCCESS,0.2,125,716,994,151803.04261046633,141894.82213391212,168155.19550707223,1296869.8401583175,12.966235338354728,716,1692,0,0,1.7022132796780685,1
2025-08-29T04:20:19.411601,SUCCESS,0.2,125,716,1193,150265.0693186627,130483.78064034971,157289.51412815915,1213916.6031197733,12.957192753103804,716,1664,0,0,1.3948030176026822,1
2025-08-29T04:20:35.137194,SUCCESS,0.25,125,397,875,133645.9473428815,147324.4705585054,165247.26190902138,1298563.1885953008,12.725392446075334,397,1213,0,0,1.3862857142857143,1
2025-08-29T04:20:48.364705,SUCCESS,0.25,125,397,994,131881.6989400371,135575.43905202547,155293.80873682833,1212791.4712442525,12.804658708352068,397,1025,0,0,1.0311871227364184,1
2025-08-29T04:21:02.125391,SUCCESS,0.25,125,397,1193,130946.2438569432,135727.73075258112,154725.29560620553,1211986.602981954,12.76625461251153,397,1535,0,0,1.286672254819782,1
2025-08-29T04:21:18.516860,SUCCESS,0.25,125,596,875,133770.67955178942,143515.41039845248,159932.08434041953,1272149.2318927462,12.571802138532695,596,1404,0,0,1.6045714285714285,1
2025-08-29T04:21:33.446859,SUCCESS,0.25,125,596,994,132700.7177735214,136776.9879302499,156132.31028160136,1222840.351058792,12.76800443708083,596,1508,0,0,1.517102615694165,1
2025-08-29T04:21:48.112478,SUCCESS,0.25,125,596,1193,141521.31639941238,134119.3246927131,152356.71277924982,1221877.9056478164,12.469061931230616,596,1691,0,0,1.4174350377200335,1
2025-08-29T04:22:03.370268,SUCCESS,0.25,125,716,875,144931.5414798037,139423.7548164711,156992.45879402893,1265829.3666749052,12.402339756614946,716,1497,0,0,1.7108571428571429,1
2025-08-29T04:22:19.165431,SUCCESS,0.25,125,716,994,141818.5955019794,136757.73241020596,158142.69547946614,1240941.3178754007,12.743769040603803,716,1543,0,0,1.5523138832997987,1
2025-08-29T04:22:33.812946,SUCCESS,0.25,125,716,1193,150863.93592002383,130799.84008405513,156849.50455560297,1217326.7524284336,12.884749656795547,716,1664,0,0,1.3948030176026822,1
2025-08-29T04:22:50.634574,SUCCESS,0.05,150,331,729,129357.73930913102,141920.79892883118,158997.89794199337,1252161.0711200803,12.697879019650957,331,873,0,0,1.1975308641975309,1
2025-08-29T04:23:06.827207,SUCCESS,0.05,150,331,829,127519.20783409412,137006.6885928242,153368.67153159488,1214085.2358179577,12.632446800843173,331,1099,0,0,1.3256936067551266,1
2025-08-29T04:23:23.704514,SUCCESS,0.05,150,331,994,126348.5741357521,129382.72827831825,146516.92629858543,1158376.2462197319,12.64847468831752,331,1319,0,0,1.3269617706237424,1
2025-08-29T04:23:41.853536,SUCCESS,0.05,150,497,729,132155.01172451713,140894.5272264022,156208.92581783023,1250571.7140338495,12.491001040952865,497,1141,0,0,1.5651577503429355,1
2025-08-29T04:24:00.310726,SUCCESS,0.05,150,497,829,134512.01812421944,131199.88470873062,151355.5529217766,1187423.2292095532,12.74655482548807,497,1279,0,0,1.542822677925211,1
2025-08-29T04:24:17.225552,SUCCESS,0.05,150,497,994,128226.29929755398,131325.1588713305,150365.87626067767,1175728.7106944213,12.789164276839593,497,1402,0,0,1.4104627766599598,1
2025-08-29T04:24:34.866073,SUCCESS,0.05,150,596,729,136945.94805885543,136965.07104998102,152046.4792042422,1232647.393467578,12.334953208031218,596,1273,0,0,1.7462277091906722,1
2025-08-29T04:24:52.502430,SUCCESS,0.05,150,596,829,139920.19513904853,132596.40480431222,151027.24539531773,1208015.2239082826,12.50209785491779,596,1356,0,0,1.6357056694813028,1
2025-08-29T04:25:10.017217,SUCCESS,0.05,150,596,994,140320.91562111545,127534.61380524802,150449.4637494316,1173384.127878967,12.82184241075317,596,1340,0,0,1.3480885311871227,1
2025-08-29T04:25:26.384400,SUCCESS,0.1,150,331,729,129278.17124114977,139183.08478392367,155634.64044216607,1232837.9359697653,12.624095665886689,331,874,0,0,1.1989026063100137,1
2025-08-29T04:25:42.750207,SUCCESS,0.1,150,331,829,128164.39599587709,133232.59006150268,148646.390829708,1188956.9224222729,12.502252018253893,331,1066,0,0,1.2858866103739446,1
2025-08-29T04:25:59.108584,SUCCESS,0.1,150,331,994,128703.58852953042,129066.62562814384,152188.44358152564,1160873.5564560678,13.109820853024578,331,1315,0,0,1.3229376257545271,1
2025-08-29T04:26:16.740502,SUCCESS,0.1,150,497,729,130305.13325972068,137191.64976757832,152668.54332920595,1220951.8148924895,12.504059657968494,497,1168,0,0,1.6021947873799727,1
2025-08-29T04:26:34.176699,SUCCESS,0.1,150,497,829,136265.39530057478,131222.2956723407,149705.78798540705,1191086.8603075345,12.56883884578775,497,1303,0,0,1.571773220747889,1
2025-08-29T04:26:51.892302,SUCCESS,0.1,150,497,994,161239.39966360244,129964.64895072169,149681.96660789428,1232231.3419822566,12.147229299256828,497,1352,0,0,1.3601609657947686,1
2025-08-29T04:27:09.364580,SUCCESS,0.1,150,596,729,139630.83902155867,137778.08168757093,156980.12928938778,1243708.249856114,12.621941625582126,596,1315,0,0,1.803840877914952,1
2025-08-29T04:27:26.949277,SUCCESS,0.1,150,596,829,144635.57156427912,133425.37969604117,153270.42967850526,1223248.8010008465,12.529783765420522,596,1318,0,0,1.5898673100120628,1
2025-08-29T04:27:44.548386,SUCCESS,0.1,150,596,994,139493.38602545875,126275.36165926671,152466.41093533306,1162914.3036657844,13.110717656040727,596,1547,0,0,1.556338028169014,1
2025-08-29T04:28:02.124576,SUCCESS,0.2,150,331,729,131005.30692741119,140457.9140497082,157548.5569592729,1245216.0122027798,12.652307343893726,331,1043,0,0,1.4307270233196159,1
2025-08-29T04:28:17.514356,SUCCESS,0.2,150,331,829,126073.2347850534,130544.05062401293,150328.27645864102,1165954.8239381972,12.893147605057582,331,1142,0,0,1.3775633293124245,1
2025-08-29T04:28:33.035420,SUCCESS,0.2,150,331,994,134442.16191694784,129206.00262481654,144763.87499017367,1173326.3422076115,12.337903768341269,331,1259,0,0,1.266599597585513,1
2025-08-29T04:28:51.627082,SUCCESS,0.2,150,497,729,132909.69507104933,138206.13101403587,155954.53433211934,1233262.3072403497,12.64569049232488,497,1082,0,0,1.4842249657064472,1
2025-08-29T04:29:09.841438,SUCCESS,0.2,150,497,829,130842.05164871762,133235.46438000078,154275.91138224196,1194332.3539574407,12.917335017430123,497,1240,0,0,1.4957780458383594,1
2025-08-29T04:29:27.878847,SUCCESS,0.2,150,497,994,128646.14589247582,128172.30126843571,146814.28029634614,1154498.4006640017,12.716715779935853,497,1294,0,0,1.3018108651911469,1
2025-08-29T04:29:45.950646,SUCCESS,0.2,150,596,729,148616.78452652885,145751.60625860924,165750.95102001514,1317494.8128633224,12.580766876780883,596,1268,0,0,1.739368998628258,1
2025-08-29T04:30:03.320971,SUCCESS,0.2,150,596,829,138947.20535076456,137141.02881692353,157412.80251762253,1237881.6124199938,12.716305092365717,596,1298,0,0,1.5657418576598312,1
2025-08-29T04:30:21.339640,SUCCESS,0.2,150,596,994,135007.57771616845,129569.23950054646,153666.27236975383,1176999.8319361622,13.055759924533985,596,1532,0,0,1.5412474849094568,1
2025-08-29T04:30:36.610066,SUCCESS,0.25,150,331,729,125905.38719774291,142470.59679514455,155760.6184278887,1249104.9519614978,12.46977831472802,331,958,0,0,1.3141289437585735,1
2025-08-29T04:30:52.751459,SUCCESS,0.25,150,331,829,127865.09898048169,135741.63389042058,149873.01806792527,1205921.6351939074,12.428089329687355,331,1082,0,0,1.3051869722557299,1
2025-08-29T04:31:07.403880,SUCCESS,0.25,150,331,994,126833.69842883933,128493.10668898972,147136.16659030787,1153119.1436806067,12.759840767248761,331,1303,0,0,1.3108651911468814,1
2025-08-29T04:31:26.589281,SUCCESS,0.25,150,497,729,135059.9298596604,143099.64195332682,159614.12355737676,1271817.3533926085,12.550082221444898,497,1121,0,0,1.5377229080932784,1
2025-08-29T04:31:45.322117,SUCCESS,0.25,150,497,829,133078.87327719483,136272.3549207899,154978.44274925196,1220064.230999919,12.702482280153188,497,1253,0,0,1.51145958986731,1
2025-08-29T04:32:02.674115,SUCCESS,0.25,150,497,994,133332.16547752367,129402.8021234072,150309.5592660731,1172483.9458188978,12.81975414691861,497,1477,0,0,1.4859154929577465,1
2025-08-29T04:32:20.570058,SUCCESS,0.25,150,596,729,137133.69583810566,140539.71308230393,157699.88531360307,1258045.3832523387,12.535309728327315,596,1286,0,0,1.7640603566529491,1
2025-08-29T04:32:37.843506,SUCCESS,0.25,150,596,829,140681.7637110899,131762.73332336245,153247.41125937607,1203702.6606857171,12.73133442872637,596,1353,0,0,1.6320868516284681,1
2025-08-29T04:32:54.996496,SUCCESS,0.25,150,596,994,137397.63152406874,127145.95845452734,151915.4443825882,1164816.9722298288,13.042001276112408,596,1435,0,0,1.443661971830986,1
2025-08-29T04:33:14.295827,SUCCESS,0.05,175,284,625,124643.86305610604,133008.76999037658,150235.10160977213,1180349.1160448482,12.72802254583667,284,895,0,0,1.432,1
2025-08-29T04:33:32.574825,SUCCESS,0.05,175,284,710,124224.24195595266,130953.22960542316,150143.07807801798,1165121.0911498675,12.88647842859325,284,961,0,0,1.3535211267605634,1
2025-08-29T04:33:50.574439,SUCCESS,0.05,175,284,852,124183.11970378712,123414.43818017496,144521.95629791045,1112267.306668799,12.99345538895219,284,1099,0,0,1.289906103286385,1
2025-08-29T04:34:11.526872,SUCCESS,0.05,175,426,625,133899.57727805778,131540.846487727,147292.91484968245,1188585.0799702045,12.392290407462863,426,1050,0,0,1.68,1
2025-08-29T04:34:32.480718,SUCCESS,0.05,175,426,710,130272.97085958843,128168.14123511311,147442.94664651965,1157722.9303649687,12.73559871531945,426,1133,0,0,1.595774647887324,1
2025-08-29T04:34:53.154815,SUCCESS,0.05,175,426,852,126029.07055944929,126871.50396925655,149064.94503378912,1140158.6689036945,13.074052682256996,426,1200,0,0,1.408450704225352,1
2025-08-29T04:35:13.989887,SUCCESS,0.05,175,511,625,139249.01535129015,141055.39373298688,157192.80143948927,1265885.7868334884,12.417613269258235,511,1098,0,0,1.7568,1
2025-08-29T04:35:34.116775,SUCCESS,0.05,175,511,710,136940.70250682122,125914.80835514661,147836.05646311678,1155285.0634996688,12.796500286715526,511,1188,0,0,1.6732394366197183,1
2025-08-29T04:35:54.551089,SUCCESS,0.05,175,511,852,137505.6972154035,125981.88635776076,150224.65551473593,1156884.5989351324,12.985275770203176,511,1317,0,0,1.545774647887324,1
2025-08-29T04:36:13.656477,SUCCESS,0.1,175,284,625,123898.77826427789,137432.8528558837,154092.59719077955,1209827.5265197416,12.736740883558092,284,906,0,0,1.4496,1
2025-08-29T04:36:31.632752,SUCCESS,0.1,175,284,710,125430.81012999998,129303.05756876002,143695.96841411776,1155983.0232413202,12.430629648106878,284,987,0,0,1.3901408450704225,1
2025-08-29T04:36:50.144744,SUCCESS,0.1,175,284,852,124191.16469886675,126381.95703188455,145363.83498902756,1133056.0286209253,12.829359830153678,284,924,0,0,1.0845070422535212,1
2025-08-29T04:37:11.463731,SUCCESS,0.1,175,426,625,128914.26997049765,132907.99781731432,152333.9790059825,1188184.5246621955,12.820734140540294,426,1012,0,0,1.6192,1
2025-08-29T04:37:32.143709,SUCCESS,0.1,175,426,710,126484.20229497124,129851.34712327695,145824.45176438717,1161927.8344528812,12.550215894694677,426,1123,0,0,1.5816901408450703,1
2025-08-29T04:37:53.233714,SUCCESS,0.1,175,426,852,128471.05417532583,123272.13062871744,147607.68623314865,1119847.0227516736,13.181058058309514,426,1224,0,0,1.4366197183098592,1
2025-08-29T04:38:13.805578,SUCCESS,0.1,175,511,625,136042.31108041326,132841.87131590347,153371.73507091633,1201977.7213721508,12.759948237295996,511,1091,0,0,1.7456,1
2025-08-29T04:38:34.006032,SUCCESS,0.1,175,511,710,135712.9457140779,132813.03134500718,154198.34217890323,1201117.110843206,12.837910707196002,511,1154,0,0,1.6253521126760564,1
2025-08-29T04:38:53.769295,SUCCESS,0.1,175,511,852,140806.51179177375,124820.6374607033,148307.7952913181,1155357.4858084708,12.836528703281697,511,1214,0,0,1.4248826291079812,1
2025-08-29T04:39:12.210748,SUCCESS,0.2,175,284,625,126082.67643012345,137762.62806575035,153651.3030212106,1216503.7493204994,12.63056551260408,284,858,0,0,1.3728,1
2025-08-29T04:39:29.508879,SUCCESS,0.2,175,284,710,127454.00947282753,127890.03103937831,147892.64908366182,1150138.2362213032,12.858684671640214,284,960,0,0,1.352112676056338,1
2025-08-29T04:39:48.089783,SUCCESS,0.2,175,284,852,123688.40519726864,125579.87859196082,144885.00957602935,1126435.960538263,12.862250021456756,284,1126,0,0,1.3215962441314555,1
2025-08-29T04:40:08.715725,SUCCESS,0.2,175,426,625,132323.19723789423,132129.00261296367,148254.0199147929,1189549.4127665341,12.463040065733685,426,1016,0,0,1.6256,1
2025-08-29T04:40:30.110985,SUCCESS,0.2,175,426,710,127440.56711025602,129684.14046007994,149486.15930218817,1162670.1174410717,12.857142972866049,426,1036,0,0,1.4591549295774648,1
2025-08-29T04:40:50.692827,SUCCESS,0.2,175,426,852,129246.48869649337,126084.5576612375,145807.09777438856,1141084.881021649,12.777936172797494,426,1207,0,0,1.4166666666666667,1
2025-08-29T04:41:12.172646,SUCCESS,0.2,175,511,625,135242.35935656624,137179.75937807446,155260.1713569905,1230743.0343596537,12.61515743111812,511,1131,0,0,1.8096,1
2025-08-29T04:41:31.708022,SUCCESS,0.2,175,511,710,139741.07708547215,131796.8255182496,150670.8147526794,1202059.9327986916,12.534384571148681,511,1191,0,0,1.6774647887323944,1
2025-08-29T04:41:51.892678,SUCCESS,0.2,175,511,852,130146.87822901411,127033.13808110503,149503.29407465304,1149525.7230257634,13.005650163367621,511,1301,0,0,1.5269953051643192,1
2025-08-29T04:42:10.310334,SUCCESS,0.25,175,284,625,121892.25588208326,133034.95462370597,150486.02400359834,1175029.1941301082,12.807002988126214,284,894,0,0,1.4304,1
2025-08-29T04:42:27.907083,SUCCESS,0.25,175,284,710,124896.23329502826,130573.49352686125,148406.5838586606,1163806.921278085,12.751821727927299,284,984,0,0,1.3859154929577464,1
2025-08-29T04:42:45.615703,SUCCESS,0.25,175,284,852,123817.09241104109,123678.36572352613,142081.76200752964,1113382.7448867653,12.761268544895568,284,963,0,0,1.130281690140845,1
2025-08-29T04:43:07.388873,SUCCESS,0.25,175,426,625,129220.52022509104,138407.85884480295,156007.7580924721,1227296.0523638027,12.711501661884864,426,1027,0,0,1.6432,1
2025-08-29T04:43:28.314166,SUCCESS,0.25,175,426,710,128634.48923168571,130640.27974484867,151142.51095676218,1171750.9366773122,12.898859836660428,426,1085,0,0,1.528169014084507,1
2025-08-29T04:43:48.796749,SUCCESS,0.25,175,426,852,131571.29511573052,123892.95759889825,145738.03726066079,1130393.2934237488,12.892684175367641,426,1269,0,0,1.4894366197183098,1
2025-08-29T04:44:08.784370,SUCCESS,0.25,175,511,625,137999.64505751152,131078.6163693995,150046.66178903956,1193549.6047008196,12.571464243972578,511,1120,0,0,1.792,1
2025-08-29T04:44:28.854032,SUCCESS,0.25,175,511,710,133845.1103395677,131879.71490245764,152420.1048338319,1190848.2249963388,12.799288913102297,511,1181,0,0,1.6633802816901408,1
2025-08-29T04:44:48.483775,SUCCESS,0.25,175,511,852,132389.42317224393,126020.55869314985,147858.23384593337,1146922.7571965368,12.891734244366063,511,1174,0,0,1.3779342723004695,1
2025-08-29T04:45:10.385778,SUCCESS,0.05,200,248,547,121102.73971637798,141311.53173752807,156404.13246300144,1231386.2015954526,12.701468658683645,248,767,0,0,1.4021937842778793,1
2025-08-29T04:45:31.536091,SUCCESS,0.05,200,248,621,121084.41788239528,126667.28337058009,143155.03325612616,1128839.8193588513,12.681607328259744,248,858,0,0,1.3816425120772946,1
2025-08-29T04:45:51.601465,SUCCESS,0.05,200,248,746,120827.29021282686,122151.47191621167,139023.84543057164,1096714.8838391355,12.676389048711357,248,973,0,0,1.304289544235925,1
2025-08-29T04:46:15.303172,SUCCESS,0.05,200,373,547,125436.087550498,134686.5829157434,150920.3696453936,1193678.2555111998,12.643303917835134,373,869,0,0,1.5886654478976234,1
2025-08-29T04:46:39.345389,SUCCESS,0.05,200,373,621,129584.76773618897,125948.34509335442,144765.27886368003,1140807.9511258588,12.689715102424712,373,985,0,0,1.5861513687600644,1
2025-08-29T04:47:02.699639,SUCCESS,0.05,200,373,746,126031.04249921971,121056.69130421145,139559.88425117868,1099458.9241279196,12.693505977212952,373,1104,0,0,1.479892761394102,1
2025-08-29T04:47:25.455727,SUCCESS,0.05,200,447,547,135695.5110773656,129829.99151654511,149351.48395392825,1180200.962770547,12.654750221803113,447,973,0,0,1.7787934186471663,1
2025-08-29T04:47:48.287943,SUCCESS,0.05,200,447,621,135983.4473229406,125496.1174720243,145081.7075977932,1150439.7169500513,12.610978694513571,447,1034,0,0,1.6650563607085347,1
2025-08-29T04:48:11.191272,SUCCESS,0.05,200,447,746,124737.41726618963,120511.1685074241,142732.06320223658,1093053.014084348,13.058109841250785,447,1190,0,0,1.5951742627345844,1
2025-08-29T04:48:32.303122,SUCCESS,0.1,200,248,547,119862.87992083361,130606.55709650174,144859.83677640278,1153971.6595171795,12.553153760900157,248,792,0,0,1.4478976234003655,1
2025-08-29T04:48:51.739035,SUCCESS,0.1,200,248,621,119644.80316683269,124217.67042121064,139772.5428215775,1108813.2992821399,12.605597616124198,248,764,0,0,1.2302737520128824,1
2025-08-29T04:49:12.643022,SUCCESS,0.1,200,248,746,121135.49285764965,120436.05998429094,139337.26418507422,1085323.405605336,12.83831745131851,248,972,0,0,1.3029490616621984,1
2025-08-29T04:49:36.836215,SUCCESS,0.1,200,373,547,125301.29501247566,134768.4132340403,149137.58828317418,1193981.4826632333,12.490778998558302,373,895,0,0,1.636197440585009,1
2025-08-29T04:49:59.422022,SUCCESS,0.1,200,373,621,121125.10663566882,123862.06426808822,140906.86393662635,1109284.6631479552,12.702498161000205,373,992,0,0,1.5974235104669887,1
2025-08-29T04:50:22.700278,SUCCESS,0.1,200,373,746,123167.82271461029,123897.95457496861,142635.40993956634,1113621.3274540007,12.808250562663371,373,996,0,0,1.3351206434316354,1
2025-08-29T04:50:45.720974,SUCCESS,0.1,200,447,547,130868.86272354313,131568.85405500125,149082.36822292482,1182719.703832095,12.605046465353325,447,988,0,0,1.806215722120658,1
2025-08-29T04:51:08.389071,SUCCESS,0.1,200,447,621,132573.55829301226,124279.04004386422,146198.26133112825,1135100.3968930743,12.879764797130983,447,1003,0,0,1.6151368760064413,1
2025-08-29T04:51:31.070794,SUCCESS,0.1,200,447,746,126588.47145788044,123111.23199170969,144899.0926939487,1114955.5668577286,12.995952215595175,447,1153,0,0,1.5455764075067024,1
2025-08-29T04:51:52.192051,SUCCESS,0.2,200,248,547,121241.71354470408,133451.1775934102,146668.14120571333,1176641.6702432795,12.464979348843611,248,754,0,0,1.3784277879341864,1
2025-08-29T04:52:12.777391,SUCCESS,0.2,200,248,621,120800.6830497887,125573.8747909197,140086.44408616668,1120618.4896360151,12.500814985809109,248,867,0,0,1.396135265700483,1
2025-08-29T04:52:33.640262,SUCCESS,0.2,200,248,746,120722.49433472843,120529.84629049657,141352.5165351655,1085153.912702933,13.026033899935957,248,960,0,0,1.2868632707774799,1
2025-08-29T04:52:57.522421,SUCCESS,0.2,200,373,547,126069.6989530996,138086.53814989678,153850.34462461993,1218745.1649554768,12.623668101299945,373,819,0,0,1.4972577696526508,1
2025-08-29T04:53:20.993008,SUCCESS,0.2,200,373,621,123588.85999308429,127907.45453321794,145940.6505046237,1142529.9017186943,12.773464421813987,373,952,0,0,1.5330112721417068,1
2025-08-29T04:53:44.232137,SUCCESS,0.2,200,373,746,129127.57235562487,120699.76935812863,140681.27411736723,1103153.53021815,12.752646867707284,373,1086,0,0,1.4557640750670242,1
2025-08-29T04:54:08.668677,SUCCESS,0.2,200,447,547,130818.36822128922,139637.47151964463,156507.06130850955,1239099.037080091,12.630714464706141,447,990,0,0,1.809872029250457,1
2025-08-29T04:54:30.893276,SUCCESS,0.2,200,447,621,135562.29046838178,126962.16761595725,149490.05512026502,1159859.7542484645,12.8886319723308,447,1037,0,0,1.6698872785829308,1
2025-08-29T04:54:53.512701,SUCCESS,0.2,200,447,746,133122.45762048615,123339.05410634688,146676.98272904407,1129618.2939854003,12.984650081361004,447,1181,0,0,1.5831099195710456,1
2025-08-29T04:55:14.491622,SUCCESS,0.25,200,248,547,121455.50508308454,129494.11036765558,144189.45765173496,1149369.7827397583,12.545088605690491,248,769,0,0,1.4058500914076781,1
2025-08-29T04:55:35.124396,SUCCESS,0.25,200,248,621,121449.73371211745,126021.39170556607,142850.1365644309,1125049.2093631974,12.697234518771602,248,860,0,0,1.3848631239935587,1
2025-08-29T04:55:56.107012,SUCCESS,0.25,200,248,746,122137.02361244684,125629.21163744623,143990.9155764971,1123678.5286870173,12.814244634962094,248,940,0,0,1.260053619302949,1
2025-08-29T04:56:20.001166,SUCCESS,0.25,200,373,547,122846.7692678132,131543.4996394601,147547.5168772668,1166498.036011847,12.64875827667217,373,891,0,0,1.6288848263254114,1
2025-08-29T04:56:43.618605,SUCCESS,0.25,200,373,621,128392.28009671146,123587.91341840733,144322.0856077691,1121899.9541222742,12.864078038106388,373,964,0,0,1.5523349436392915,1
2025-08-29T04:57:07.663602,SUCCESS,0.25,200,373,746,123997.1229977227,120629.87986927216,142653.95614786856,1092403.4050803506,13.05872496226573,373,1065,0,0,1.4276139410187667,1
2025-08-29T04:57:30.597748,SUCCESS,0.25,200,447,547,129435.97982148777,131673.53600234367,149541.7084271624,1180586.7116593812,12.666728072601554,447,984,0,0,1.7989031078610602,1
2025-08-29T04:57:53.169112,SUCCESS,0.25,200,447,621,133233.27366288632,128540.4195308129,150727.67203558338,1166249.484041463,12.924136224545988,447,1045,0,0,1.682769726247987,1
2025-08-29T04:58:17.072128,SUCCESS,0.25,200,447,746,134322.12094578557,122262.52759674432,144873.38726468902,1124481.9350687813,12.88356733412774,447,1092,0,0,1.4638069705093835,1
2025-08-29T05:01:50.773961,SUCCESS,0.05,250,198,437,117199.62081978886,127226.10192488179,142222.987552501,1124981.9551137502,12.642246118349554,198,611,0,0,1.3981693363844394,1
2025-08-29T05:02:16.580546,SUCCESS,0.05,250,198,497,116273.77188747285,122315.2289409107,138720.90574233167,1088754.1463613207,12.741251659609743,198,686,0,0,1.380281690140845,1
2025-08-29T05:02:42.703907,SUCCESS,0.05,250,198,596,115900.07573930161,116439.63680877314,132369.44755979118,1046877.6091400152,12.644214223717087,198,776,0,0,1.3020134228187918,1
2025-08-29T05:03:12.375606,SUCCESS,0.05,250,298,437,119071.92566012223,130300.78978417788,146959.81444492532,1150249.3798094895,12.77634372376411,298,685,0,0,1.5675057208237986,1
2025-08-29T05:03:43.615897,SUCCESS,0.05,250,298,497,119712.91509889362,120977.20717528605,139348.3612934851,1086266.2804247895,12.828195425434016,298,783,0,0,1.5754527162977867,1
2025-08-29T05:04:16.932118,SUCCESS,0.05,250,298,596,126271.29298838935,116739.85165205617,138888.9474519106,1069721.5475411718,12.983654276307357,298,887,0,0,1.488255033557047,1
2025-08-29T05:04:46.622828,SUCCESS,0.05,250,358,437,130712.61271380792,129792.42310542143,144422.17719648473,1169972.1871655658,12.344069267695094,358,784,0,0,1.794050343249428,1
2025-08-29T05:05:19.732858,SUCCESS,0.05,250,358,497,126606.87621107043,122232.2150781329,140365.15711805655,1108839.2579690712,12.658747073507001,358,838,0,0,1.6861167002012072,1
2025-08-29T05:05:48.743130,SUCCESS,0.05,250,358,596,127126.16302144305,118501.2834062716,139907.5492177158,1083761.3098867873,12.909443061067655,358,940,0,0,1.5771812080536913,1
2025-08-29T05:06:14.925519,SUCCESS,0.1,250,198,437,116842.1093872735,125055.43744930373,141356.95927300432,1109072.2809196732,12.74551367885484,198,548,0,0,1.2540045766590389,1
2025-08-29T05:06:43.773931,SUCCESS,0.1,250,198,497,116991.31074849388,119008.81518021626,135690.77506305475,1067044.3277585017,12.716507790083572,198,673,0,0,1.3541247484909458,1
2025-08-29T05:07:13.610401,SUCCESS,0.1,250,198,596,114606.52199371578,117709.76311260501,135194.47911270408,1053181.3857756667,12.83677065875348,198,754,0,0,1.2651006711409396,1
2025-08-29T05:07:44.955840,SUCCESS,0.1,250,298,437,118797.36166030043,123188.82097419599,140751.35282695637,1099916.4701399729,12.796549251512223,298,728,0,0,1.665903890160183,1
2025-08-29T05:08:15.157533,SUCCESS,0.1,250,298,497,120969.57502266126,119352.87151596606,137288.27676684907,1077409.250657085,12.742444589474275,298,793,0,0,1.595573440643863,1
2025-08-29T05:08:48.943444,SUCCESS,0.1,250,298,596,119857.57254100824,120055.20190183927,140925.33190506577,1080101.5583948914,13.047414922212589,298,853,0,0,1.4312080536912752,1
2025-08-29T05:09:22.621884,SUCCESS,0.1,250,358,437,128019.25813522171,126917.73474766909,143032.59951148226,1144462.659504127,12.49779521626817,358,766,0,0,1.7528604118993134,1
2025-08-29T05:09:59.067418,SUCCESS,0.1,250,358,497,125367.7939639607,120725.54283053466,142147.41050693867,1095814.387741664,12.971851081448808,358,837,0,0,1.6841046277665996,1
2025-08-29T05:10:29.426330,SUCCESS,0.1,250,358,596,127458.05269130699,116022.02321222174,138150.66148469274,1067070.2678681663,12.946725782238822,358,932,0,0,1.563758389261745,1
2025-08-29T05:10:56.571100,SUCCESS,0.2,250,198,437,115627.25276861488,128231.55991472035,143499.44504110096,1128875.4249402722,12.711716622646241,198,600,0,0,1.3729977116704806,1
2025-08-29T05:11:22.158736,SUCCESS,0.2,250,198,497,115907.36625916677,120570.52735470679,138004.86505833216,1075808.4240012811,12.82801491226916,198,685,0,0,1.3782696177062375,1
2025-08-29T05:11:47.653068,SUCCESS,0.2,250,198,596,116792.9728856762,118719.9802162475,136880.9578104486,1064625.8072850849,12.857189528357422,198,791,0,0,1.3271812080536913,1
2025-08-29T05:12:18.951127,SUCCESS,0.2,250,298,437,122356.91487076404,130537.17146578107,144827.945134426,1158474.0300019956,12.501613448699969,298,608,0,0,1.391304347826087,1
2025-08-29T05:12:48.218835,SUCCESS,0.2,250,298,497,121445.08865331396,122910.23365910046,143197.2149684418,1103261.812920331,12.97944089892853,298,781,0,0,1.5714285714285714,1
2025-08-29T05:13:19.093499,SUCCESS,0.2,250,298,596,119029.3461285867,116783.99410711053,138405.20008595556,1055546.651006947,13.11218219999304,298,879,0,0,1.4748322147651007,1
2025-08-29T05:13:48.656839,SUCCESS,0.2,250,358,437,132891.77736206914,130955.69739645842,147892.30737216436,1182473.4364993472,12.507029993840035,358,750,0,0,1.7162471395881007,1
2025-08-29T05:14:17.770303,SUCCESS,0.2,250,358,497,126255.96970952305,119930.22317600324,138016.32320212916,1092023.501651069,12.638585432772958,358,803,0,0,1.6156941649899397,1
2025-08-29T05:14:46.988634,SUCCESS,0.2,250,358,596,125216.03634604758,117725.3841244821,142384.2567836624,1074509.76156347,13.251090113549605,358,913,0,0,1.5318791946308725,1
2025-08-29T05:15:14.043421,SUCCESS,0.25,250,198,437,115799.2030300487,130775.0291284583,145430.86790158358,1147023.6099593055,12.678977715789411,198,621,0,0,1.4210526315789473,1
2025-08-29T05:15:40.868335,SUCCESS,0.25,250,198,497,124479.38605116935,120852.6721440133,137335.9933593368,1094927.4771104318,12.542930580368056,198,677,0,0,1.3621730382293762,1
2025-08-29T05:16:07.077922,SUCCESS,0.25,250,198,596,116506.65339149661,117558.44366585063,138996.93059605337,1055922.4124439475,13.163555291372496,198,777,0,0,1.3036912751677852,1
2025-08-29T05:16:37.184366,SUCCESS,0.25,250,298,437,122460.56771322165,127969.84786938936,145222.43278205895,1140710.0705121688,12.730880224179607,298,703,0,0,1.608695652173913,1
2025-08-29T05:17:06.914262,SUCCESS,0.25,250,298,497,122215.30477484048,120472.28410687497,140317.14127018434,1087736.5982978058,12.899919106313607,298,772,0,0,1.5533199195171026,1
2025-08-29T05:17:36.646667,SUCCESS,0.25,250,298,596,120489.531974251,119253.6278675775,136664.45808504883,1075754.4590215445,12.704056854140521,298,881,0,0,1.4781879194630871,1
2025-08-29T05:18:07.099710,SUCCESS,0.25,250,358,437,124746.71563963863,127438.44171900759,143811.2905205621,1141562.5233123305,12.597758561947417,358,771,0,0,1.7643020594965675,1
2025-08-29T05:18:36.783178,SUCCESS,0.25,250,358,497,129574.98153728638,121034.09585644345,142682.156899785,1106388.634069677,12.896205953865515,358,832,0,0,1.6740442655935615,1
2025-08-29T05:19:06.423697,SUCCESS,0.25,250,358,596,125879.58297656778,117123.20531127101,140679.571281599,1071621.6031320326,13.12772818972987,358,911,0,0,1.528523489932886,1
2025-08-29T05:19:56.691296,SUCCESS,0.05,500,99,218,103023.79341471636,110085.35722047283,121492.46519915941,976645.0873727426,12.439776411099796,99,308,0,0,1.4128440366972477,1
2025-08-29T05:20:47.468275,SUCCESS,0.05,500,99,248,101139.04790203653,104853.04340746794,117334.72625630339,936249.3996563486,12.532422055423611,99,342,0,0,1.3790322580645162,1
2025-08-29T05:21:37.293059,SUCCESS,0.05,500,99,298,101515.53744421183,102471.0387685202,117244.82527228352,920328.346268065,12.739456059102356,99,394,0,0,1.3221476510067114,1
2025-08-29T05:22:34.959820,SUCCESS,0.05,500,149,218,104602.26703215494,113017.82695754661,125599.69260228863,1000329.3227671362,12.555834338120931,149,355,0,0,1.628440366972477,1
2025-08-29T05:23:33.214558,SUCCESS,0.05,500,149,248,104064.05205655744,106791.13965265547,121710.97098057512,955666.0816817032,12.735721536375769,149,396,0,0,1.596774193548387,1
2025-08-29T05:24:30.071485,SUCCESS,0.05,500,149,298,103780.45425415723,102500.31219409498,118222.74767476229,925063.0938669792,12.77996587028066,149,417,0,0,1.3993288590604027,1
2025-08-29T05:25:26.656763,SUCCESS,0.05,500,179,218,116138.72439825661,111514.2782661029,127654.9123114996,1012877.3966592336,12.603194891360287,179,387,0,0,1.775229357798165,1
2025-08-29T05:26:23.129652,SUCCESS,0.05,500,179,248,109271.87411433306,104989.57263712566,121654.59380687584,953470.7566885458,12.759132144690904,179,424,0,0,1.7096774193548387,1
2025-08-29T05:27:20.036452,SUCCESS,0.05,500,179,298,113392.53732218132,101862.1114377682,120773.41238005723,939819.85470874,12.850698117830909,179,465,0,0,1.5604026845637584,1
2025-08-29T05:28:10.756100,SUCCESS,0.1,500,99,218,101214.29000472654,110465.71950947453,123311.91332619324,975688.6165757749,12.638449524907056,99,296,0,0,1.3577981651376148,1
2025-08-29T05:29:00.824056,SUCCESS,0.1,500,99,248,101457.72616541751,105299.56596885077,119333.37391289322,940012.4141127905,12.694872123100984,99,341,0,0,1.375,1
2025-08-29T05:29:48.007503,SUCCESS,0.1,500,99,298,100985.64390651346,102169.11190903049,116826.15746854548,917155.0711762403,12.737884916093561,99,391,0,0,1.3120805369127517,1
2025-08-29T05:30:45.574896,SUCCESS,0.1,500,149,218,105024.10498904843,109383.57388811783,124209.13096928215,975733.2271949217,12.729824864770025,149,360,0,0,1.651376146788991,1
2025-08-29T05:31:43.922581,SUCCESS,0.1,500,149,248,105827.25614248584,106264.74243292064,122485.13054350867,955507.7093154162,12.818853197036418,149,394,0,0,1.5887096774193548,1
2025-08-29T05:32:42.366037,SUCCESS,0.1,500,149,298,107408.24759120731,101676.35302314349,122136.20335856912,926550.966344419,13.181811664439888,149,446,0,0,1.4966442953020134,1
2025-08-29T05:33:40.279892,SUCCESS,0.1,500,179,218,109187.66896043134,110272.01135159106,126939.82967950476,990279.4173820001,12.81858710293054,179,384,0,0,1.761467889908257,1
2025-08-29T05:34:37.110536,SUCCESS,0.1,500,179,248,111752.38993955779,105033.39553105232,122713.81774372062,958738.5485964818,12.799508053928157,179,417,0,0,1.6814516129032258,1
2025-08-29T05:35:34.070018,SUCCESS,0.1,500,179,298,110058.99235472278,102577.62351870284,121943.39826217257,938161.3493403655,12.99812642547177,179,449,0,0,1.5067114093959733,1
2025-08-29T05:36:28.628676,SUCCESS,0.2,500,99,218,106930.71025381326,109680.25512341395,124251.23157413116,981623.2063715241,12.657731680306734,99,305,0,0,1.3990825688073394,1
2025-08-29T05:37:17.978755,SUCCESS,0.2,500,99,248,101149.65534974585,104880.72399731546,119589.57655043315,936464.3786807,12.770328404686582,99,346,0,0,1.3951612903225807,1
2025-08-29T05:38:09.856426,SUCCESS,0.2,500,99,298,101774.35990940334,102449.1548435735,117642.66385648312,920692.8037238212,12.777623913282177,99,394,0,0,1.3221476510067114,1
2025-08-29T05:39:06.306893,SUCCESS,0.2,500,149,218,104785.49247987191,111882.74093891529,127017.28496566095,992750.1715321508,12.794486327776717,149,365,0,0,1.6743119266055047,1
2025-08-29T05:40:03.336687,SUCCESS,0.2,500,149,248,107360.68404246516,104228.24771231334,120978.58759959314,944319.1020711238,12.811197754472762,149,385,0,0,1.5524193548387097,1
2025-08-29T05:41:01.369582,SUCCESS,0.2,500,149,298,104020.23150228972,103180.94455474547,121108.41126537573,930307.0748877977,13.018111388648995,149,433,0,0,1.4530201342281879,1
2025-08-29T05:41:56.964370,SUCCESS,0.2,500,179,218,110284.64956287987,109473.49299438979,125120.45205925009,986883.7500864883,12.678337448385873,179,392,0,0,1.798165137614679,1
2025-08-29T05:42:59.304317,SUCCESS,0.2,500,179,248,106293.22388440487,105147.32821326349,123928.60456682525,948617.7452616541,13.064124636698887,179,414,0,0,1.6693548387096775,1
2025-08-29T05:43:57.569747,SUCCESS,0.2,500,179,298,109450.75383675576,102485.49845901589,121521.78461104787,936299.9968866227,12.978936774018065,179,445,0,0,1.4932885906040267,1
2025-08-29T05:44:46.756041,SUCCESS,0.25,500,99,218,102008.44867191109,111136.07089954088,124422.06942925122,981969.3936406083,12.670666747357764,99,298,0,0,1.3669724770642202,1
2025-08-29T05:45:37.275013,SUCCESS,0.25,500,99,248,101966.92906938703,104290.34088603705,119565.35266784439,933966.2443410334,12.801892294534111,99,344,0,0,1.3870967741935485,1
2025-08-29T05:46:25.674604,SUCCESS,0.25,500,99,298,103380.76955533499,104476.62047748707,119657.33948605477,938097.8824530795,12.755314954251551,99,372,0,0,1.2483221476510067,1
2025-08-29T05:47:23.731802,SUCCESS,0.25,500,149,218,105091.16600009649,113989.30696910771,127870.30863496698,1008107.4807839469,12.684194004346603,149,362,0,0,1.6605504587155964,1
2025-08-29T05:48:20.254640,SUCCESS,0.25,500,149,248,105470.38894473828,105916.95150732214,122962.53396901957,952359.4384407315,12.91135772963434,149,390,0,0,1.5725806451612903,1
2025-08-29T05:49:17.827499,SUCCESS,0.25,500,149,298,105338.94853636976,101871.77929232248,121914.80163842297,923780.3521189969,13.19737980557509,149,434,0,0,1.4563758389261745,1
2025-08-29T05:50:14.525246,SUCCESS,0.25,500,179,218,111657.98989628945,112259.05993473895,128800.2602383876,1009129.3993357515,12.763502908860744,179,394,0,0,1.8073394495412844,1
2025-08-29T05:51:09.666632,SUCCESS,0.25,500,179,248,107572.86250393996,106206.99419530517,122745.68256378497,958594.6843750161,12.804753099983296,179,426,0,0,1.717741935483871,1
2025-08-29T05:52:07.003190,SUCCESS,0.25,500,179,298,111381.39645415131,101621.37761606732,122525.39713076685,934112.4362207738,13.116771855268231,179,475,0,0,1.5939597315436242,1
2025-08-29T05:53:20.380245,SUCCESS,0.05,750,66,145,93484.82423538926,102494.77259770439,112897.11671457866,904433.0566547092,12.482639359972008,66,207,0,0,1.4275862068965517,1
2025-08-29T05:54:33.407417,SUCCESS,0.05,750,66,165,93833.35349688634,97667.8011106201,109023.60745520523,871341.3147681133,12.51215862342293,66,228,0,0,1.3818181818181818,1
2025-08-29T05:55:47.505773,SUCCESS,0.05,750,66,198,93803.21518555873,96154.62081758252,108791.41418901262,860688.7760941951,12.640041000965294,66,260,0,0,1.3131313131313131,1
2025-08-29T05:57:14.126528,SUCCESS,0.05,750,99,145,97523.8301991041,102820.86656620949,114374.61013651743,914793.7263616746,12.502775963649107,99,242,0,0,1.6689655172413793,1
2025-08-29T05:58:40.566790,SUCCESS,0.05,750,99,165,96446.60611532419,96853.23051751275,111460.82049793455,870865.8258532376,12.798851119083693,99,261,0,0,1.5818181818181818,1
2025-08-29T06:00:05.606349,SUCCESS,0.05,750,99,198,97155.85778278919,95367.61923416483,110608.72221520219,861885.0502047322,12.8333496664002,99,284,0,0,1.4343434343434343,1
2025-08-29T06:01:29.109674,SUCCESS,0.05,750,119,145,102244.15010168817,103011.60721098294,116074.28866445132,925569.5506802569,12.540849964126554,119,262,0,0,1.806896551724138,1
2025-08-29T06:02:54.104651,SUCCESS,0.05,750,119,165,100898.010003761,96862.77077148999,113957.10621629632,879835.4154079519,12.952093564392156,119,278,0,0,1.6848484848484848,1
2025-08-29T06:04:18.822497,SUCCESS,0.05,750,119,198,100822.61251425481,94806.64713933598,112076.06954348893,865291.7550038615,12.952402342373965,119,315,0,0,1.5909090909090908,1
2025-08-29T06:05:30.322745,SUCCESS,0.1,750,66,145,94088.08558161641,101405.86794020173,113068.26189536613,898017.2467446448,12.59087866132237,66,209,0,0,1.4413793103448276,1
2025-08-29T06:06:41.991852,SUCCESS,0.1,750,66,165,93694.33554684167,97196.76413683192,111009.7134676356,867766.0200515067,12.792585893262629,66,228,0,0,1.3818181818181818,1
2025-08-29T06:07:53.022335,SUCCESS,0.1,750,66,198,94185.92429920934,94170.94859342763,108311.56704638684,847568.488752412,12.779093192317386,66,263,0,0,1.3282828282828283,1
2025-08-29T06:09:15.408503,SUCCESS,0.1,750,99,145,96139.09659935966,102329.78180326075,115276.54928147179,908586.6658215445,12.687457742651183,99,241,0,0,1.6620689655172414,1
2025-08-29T06:10:40.267774,SUCCESS,0.1,750,99,165,97464.87648340945,96884.21479983079,112461.33775713576,873119.2565656344,12.880409739157066,99,261,0,0,1.5818181818181818,1
2025-08-29T06:12:02.427059,SUCCESS,0.1,750,99,198,95228.24353163099,95068.11096315755,111131.68036406448,855933.2638053647,12.98368518475236,99,284,0,0,1.4343434343434343,1
2025-08-29T06:13:27.083076,SUCCESS,0.1,750,119,145,100049.76056104463,102676.97232397043,117665.3655750967,918838.3273898823,12.805883479996458,119,261,0,0,1.8,1
2025-08-29T06:14:49.150063,SUCCESS,0.1,750,119,165,99819.04664211237,97440.28577229385,113397.95106734682,881720.0936902817,12.860992040312928,119,282,0,0,1.709090909090909,1
2025-08-29T06:16:10.998819,SUCCESS,0.1,750,119,198,105678.75002909359,93929.507415553,112710.6293952756,868864.0519670582,12.972182373077262,119,304,0,0,1.5353535353535352,1
2025-08-29T06:17:21.099121,SUCCESS,0.2,750,66,145,94030.29254835517,101498.85122282075,114718.45742364689,898552.5436564556,12.767028287163507,66,210,0,0,1.4482758620689655,1
2025-08-29T06:18:31.772521,SUCCESS,0.2,750,66,165,93775.83463315632,97960.3054018626,111924.22853508918,873273.8070793508,12.816624937992568,66,221,0,0,1.3393939393939394,1
2025-08-29T06:19:43.279869,SUCCESS,0.2,750,66,198,94525.27439884834,93760.95956932865,108068.6259244433,845377.2657829972,12.783479080709489,66,245,0,0,1.2373737373737375,1
2025-08-29T06:21:08.146553,SUCCESS,0.2,750,99,145,100315.21926750659,100931.18124945273,116245.58210686155,907148.7072811823,12.814390978438528,99,240,0,0,1.6551724137931034,1
2025-08-29T06:22:30.613128,SUCCESS,0.2,750,99,165,95733.251069542,99042.75706959087,114878.8084365688,884765.8016262201,12.98409231295094,99,261,0,0,1.5818181818181818,1
2025-08-29T06:23:53.268446,SUCCESS,0.2,750,99,198,98233.47382332721,94737.70781866764,111908.90157609772,859630.9023773279,13.018250189309299,99,289,0,0,1.4595959595959596,1
2025-08-29T06:25:14.430177,SUCCESS,0.2,750,119,145,104238.95548693655,103670.47070368832,119496.7144315383,934171.2058996913,12.79173599837646,119,259,0,0,1.7862068965517242,1
2025-08-29T06:26:36.427622,SUCCESS,0.2,750,119,165,102194.99721515326,96205.33255786043,114365.85217403364,877827.3223353295,13.028285776043088,119,280,0,0,1.696969696969697,1
2025-08-29T06:27:57.472583,SUCCESS,0.2,750,119,198,103114.93447163855,95511.3862764642,114678.9453541676,874809.5728785265,13.109018112001339,119,310,0,0,1.5656565656565657,1
2025-08-29T06:29:07.500960,SUCCESS,0.25,750,66,145,94180.35772127421,103397.95133931388,116105.08770972524,912146.3748177455,12.728778068423944,66,210,0,0,1.4482758620689655,1
2025-08-29T06:30:18.658839,SUCCESS,0.25,750,66,165,94688.24483391913,98134.08951702832,111574.17502465013,876315.1162870366,12.73219792183798,66,230,0,0,1.393939393939394,1
2025-08-29T06:31:29.297808,SUCCESS,0.25,750,66,198,94756.05241849038,93730.87158720026,109830.57314439473,845628.2059473826,12.988045144656478,66,261,0,0,1.3181818181818181,1
2025-08-29T06:32:51.785733,SUCCESS,0.25,750,99,145,97581.36185333895,102259.0495792485,116183.2633589446,910976.0707614174,12.753711879812126,99,236,0,0,1.6275862068965516,1
2025-08-29T06:34:14.200515,SUCCESS,0.25,750,99,165,96206.54709812175,96887.19786604524,111962.30093140292,870623.4792585601,12.860013955372784,99,259,0,0,1.5696969696969696,1
2025-08-29T06:35:35.535840,SUCCESS,0.25,750,99,198,96776.88059923706,94727.98291729487,111688.16290118388,856649.6416195382,13.037787851055645,99,295,0,0,1.4898989898989898,1
2025-08-29T06:36:57.315124,SUCCESS,0.25,750,119,145,99941.43964297441,103384.26848144799,117988.89804211595,923572.7586560848,12.775268319282688,119,261,0,0,1.8,1
2025-08-29T06:38:18.898227,SUCCESS,0.25,750,119,165,100966.29718556807,97786.2073729343,115131.34980915101,886436.0459816762,12.988116890220743,119,282,0,0,1.709090909090909,1
2025-08-29T06:39:40.073017,SUCCESS,0.25,750,119,198,103441.64663864646,94900.25273983133,115155.73102737509,871185.0624561121,13.218285756957215,119,310,0,0,1.5656565656565657,1
2025-08-29T06:41:16.679111,SUCCESS,0.05,1000,49,109,88592.12145829339,96868.9544470309,106775.28228632166,855266.9240458031,12.48443956902084,49,157,0,0,1.4403669724770642,1
2025-08-29T06:42:50.734313,SUCCESS,0.05,1000,49,124,88628.42149009473,92977.40050132039,103610.43001728991,828098.6464894322,12.511846318856668,49,170,0,0,1.3709677419354838,1
2025-08-29T06:44:26.353039,SUCCESS,0.05,1000,49,149,88735.22205102941,89201.11019105246,100488.4923850015,801878.215439426,12.531640148115786,49,191,0,0,1.2818791946308725,1
2025-08-29T06:46:18.288725,SUCCESS,0.05,1000,74,109,91673.83103338182,95913.89494164733,107183.2927882271,854744.926658295,12.539798651659764,74,178,0,0,1.6330275229357798,1
2025-08-29T06:48:09.328139,SUCCESS,0.05,1000,74,124,92254.4871431105,92737.94353841945,104947.43643198899,833674.5790551571,12.588537430388111,74,196,0,0,1.5806451612903225,1
2025-08-29T06:49:59.687336,SUCCESS,0.05,1000,74,149,91691.93797032679,89580.70399490156,103202.73874527565,810448.8039049645,12.734023203935472,74,221,0,0,1.483221476510067,1
2025-08-29T06:51:48.547452,SUCCESS,0.05,1000,89,109,98348.99557967995,96777.34531406798,109341.09290385751,874139.4083578357,12.508427358202102,89,193,0,0,1.7706422018348624,1
2025-08-29T06:53:40.410557,SUCCESS,0.05,1000,89,124,95868.43931493268,91601.06339091125,107035.1781752452,832944.3223662442,12.850220032856171,89,208,0,0,1.6774193548387097,1
2025-08-29T06:55:30.930964,SUCCESS,0.05,1000,89,149,94891.98911154034,89776.08471790096,105411.98129891627,818216.5712483875,12.883139379355857,89,232,0,0,1.5570469798657718,1
2025-08-29T06:57:04.980391,SUCCESS,0.1,1000,49,109,88029.88320878119,97467.77687703274,109734.03326499456,858334.2045567916,12.78453458832585,49,156,0,0,1.4311926605504588,1
2025-08-29T06:58:40.743118,SUCCESS,0.1,1000,49,124,88136.76437659816,91730.96125016482,103697.69875229568,818390.2575043502,12.670935143890624,49,171,0,0,1.3790322580645162,1
2025-08-29T07:00:17.681992,SUCCESS,0.1,1000,49,149,89625.56585172676,90294.80002777319,103064.07800287615,811314.7318978658,12.703341126542075,49,196,0,0,1.3154362416107384,1
2025-08-29T07:02:08.191395,SUCCESS,0.1,1000,74,109,94674.32672492113,96711.87470403074,112377.70701919305,866331.7763780574,12.971670909846978,74,179,0,0,1.6422018348623852,1
2025-08-29T07:04:00.815392,SUCCESS,0.1,1000,74,124,95486.5303623304,92695.85265241245,106287.84485431926,839844.0292915478,12.65566476003629,74,194,0,0,1.564516129032258,1
2025-08-29T07:05:52.769801,SUCCESS,0.1,1000,74,149,91944.67188437331,89441.88412694026,104760.60119891829,809982.5326573284,12.933686465463367,74,219,0,0,1.4697986577181208,1
2025-08-29T07:07:42.078386,SUCCESS,0.1,1000,89,109,103138.38875822783,100404.70837708088,114211.65478675211,909109.7361560218,12.563021849229328,89,195,0,0,1.7889908256880733,1
2025-08-29T07:09:33.775864,SUCCESS,0.1,1000,89,124,99730.91873475208,91874.56108143718,112593.16842465244,842583.7650395643,13.362845701087714,89,205,0,0,1.653225806451613,1
2025-08-29T07:11:23.842099,SUCCESS,0.1,1000,89,149,94980.40648868693,88927.48920906636,107139.33071675398,812453.2374408384,13.187138136618687,89,234,0,0,1.570469798657718,1
2025-08-29T07:12:59.711649,SUCCESS,0.2,1000,49,109,88266.87842368866,95308.10369907325,107100.37054424458,843690.4827408901,12.694272690656472,49,156,0,0,1.4311926605504588,1
2025-08-29T07:14:36.201047,SUCCESS,0.2,1000,49,124,88679.16338322271,93433.84574311516,106582.89935988023,831395.2469682515,12.819762892384002,49,248,0,0,2.0,1
2025-08-29T07:16:12.864958,SUCCESS,0.2,1000,49,149,88941.69069183577,88963.75343719673,102630.47940795566,800629.6554440487,12.81872070439788,49,191,0,0,1.2818791946308725,1
2025-08-29T07:18:04.203903,SUCCESS,0.2,1000,74,109,91494.41524379312,97421.11938103485,110618.93498968265,864936.6661548301,12.78925259134303,74,179,0,0,1.6422018348623852,1
2025-08-29T07:19:54.078607,SUCCESS,0.2,1000,74,124,91392.0075035967,90778.2575458185,106605.85998433456,818231.817827923,13.028808909842974,74,193,0,0,1.5564516129032258,1
2025-08-29T07:21:45.251489,SUCCESS,0.2,1000,74,149,90963.88090150233,89563.79418954262,105755.8872069985,808874.321129803,13.074452290596014,74,211,0,0,1.4161073825503356,1
2025-08-29T07:23:35.186258,SUCCESS,0.2,1000,89,109,95663.39905714028,97252.73758042388,111481.78112986122,872095.9611772477,12.783201171964068,89,195,0,0,1.7889908256880733,1
2025-08-29T07:25:25.255399,SUCCESS,0.2,1000,89,124,94434.48908579207,92023.44047793445,109210.49401141802,833033.0615171252,13.109983151511798,89,209,0,0,1.685483870967742,1
2025-08-29T07:27:16.629036,SUCCESS,0.2,1000,89,149,94690.26865826732,90003.57785076414,107589.30679402297,819405.5822718836,13.130165222419024,89,231,0,0,1.5503355704697988,1
2025-08-29T07:28:54.666615,SUCCESS,0.25,1000,49,109,88516.72267730552,97184.86988189122,109281.18198984113,857327.5345278496,12.746724861697675,49,157,0,0,1.4403669724770642,1
2025-08-29T07:30:30.645109,SUCCESS,0.25,1000,49,124,88873.96108308501,93195.42019285739,107186.69015122055,830115.8635161717,12.912256573100944,49,171,0,0,1.3790322580645162,1
2025-08-29T07:32:04.547905,SUCCESS,0.25,1000,49,149,88558.22395308924,88791.61963440219,102517.58986765002,798657.7853469937,12.836234961775162,49,197,0,0,1.3221476510067114,1
2025-08-29T07:33:54.136744,SUCCESS,0.25,1000,74,109,91179.72319676954,95267.15037070357,108163.2363398263,849229.4989884641,12.736632025696457,74,181,0,0,1.6605504587155964,1
2025-08-29T07:35:42.830218,SUCCESS,0.25,1000,74,124,92925.12663710388,92165.920182683,106678.01665897868,831011.6945529887,12.837125801985504,74,195,0,0,1.5725806451612903,1
2025-08-29T07:37:33.054994,SUCCESS,0.25,1000,74,149,91225.76393932865,90224.18067689917,106984.82870743392,814020.7926169515,13.14276363426715,74,222,0,0,1.4899328859060403,1
2025-08-29T07:39:23.676293,SUCCESS,0.25,1000,89,109,95819.8386614808,95468.21862847924,110639.90763079458,859917.2077223163,12.86634418258116,89,197,0,0,1.8073394495412844,1
2025-08-29T07:41:13.710245,SUCCESS,0.25,1000,89,124,93143.01400517258,92527.36107855653,108693.83474167179,833977.5555602409,13.033184648315213,89,209,0,0,1.685483870967742,1
2025-08-29T07:43:04.549871,SUCCESS,0.25,1000,89,149,97635.94370498063,90213.03090060936,109991.81203099011,826763.1037142267,13.303909129090638,89,235,0,0,1.5771812080536913,1
